{
    "hp": {
        "learning_rate": 0.1245104874897296,
        "loss": "exponential",
        "n_estimators": 136
    },
    "score": -0.7266130641598586,
    "tuning_n_trials": 149,
    "val_score": 0.7399912653904193,
    "train_time": 1.0610973834991455,
    "evaluation_time": 0.028961896896362305,
    "metric_used": "rmse"
}