{
    "hp": {
        "learning_rate": 0.1245104874897296,
        "loss": "exponential",
        "n_estimators": 136
    },
    "score": 0.7399912653904193,
    "n_trials": 149,
    "tuning_time": 1016.675060749054
}