{
    "hp": {
        "learning_rate": 0.04027666915662976,
        "loss": "exponential",
        "n_estimators": 489
    },
    "score": 0.7405789317805525,
    "n_trials": 66,
    "tuning_time": 1014.8859882354736
}