{
    "hp": {
        "max_depth": null,
        "max_features": 0.5150817264788816,
        "min_samples_leaf": 1,
        "n_estimators": 171
    },
    "score": 0.6686001607190623,
    "tuning_n_trials": 2,
    "val_score": 0.6852129126589287,
    "train_time": 38.19632530212402,
    "evaluation_time": 0.16529607772827148,
    "metric_used": "r2"
}