{
    "hp": {
        "max_depth": null,
        "max_features": 0.5150817264788816,
        "min_samples_leaf": 1,
        "n_estimators": 171
    },
    "score": 0.6852129126589287,
    "n_trials": 2,
    "tuning_time": 1080.176771402359
}