{
    "hp": {
        "C": 3.149766303217491,
        "epsilon": 0.061429820903916924,
        "gamma": "scale",
        "kernel": "rbf"
    },
    "score": 1.1099139576655208,
    "n_trials": 489,
    "tuning_time": 1025.0613751411438
}