{
    "hp": {
        "alpha": 0.8950308903806621,
        "criterion": "friedman_mse",
        "learning_rate": 0.03150478777693232,
        "loss": "huber",
        "max_depth": 5,
        "max_features": "log2",
        "min_samples_leaf": 2,
        "n_estimators": 714,
        "subsample": 0.5912678160751133
    },
    "score": -0.55611868387083,
    "tuning_n_trials": 31,
    "val_score": 0.6272869370623987,
    "train_time": 3.708967924118042,
    "evaluation_time": 0.010268449783325195,
    "metric_used": "rmse"
}