{
    "hp": {
        "alpha": 0.9,
        "criterion": "friedman_mse",
        "learning_rate": 0.017078307484854192,
        "loss": "ls",
        "max_depth": 5,
        "max_features": "log2",
        "min_samples_leaf": 2,
        "n_estimators": 877,
        "subsample": 0.9276414111968899
    },
    "score": -0.5621826697608374,
    "tuning_n_trials": 72,
    "val_score": 0.6172826057310844,
    "train_time": 0.7200949192047119,
    "evaluation_time": 0.011404037475585938,
    "metric_used": "rmse"
}