{
    "hp": {
        "activation": "logistic",
        "alpha": 0.0006887966133378093,
        "batch_size": 128,
        "early_stopping": true,
        "hidden_layer_sizes": [
            65
        ],
        "learning_rate": "adaptive",
        "learning_rate_init": 0.027839268205674134,
        "momentum": 0.8753694122718904,
        "nesterovs_momentum": true,
        "solver": "sgd"
    },
    "score": 1.4268931261620141,
    "n_trials": 104,
    "tuning_time": 1130.3989343643188
}