{
    "hp": {
        "learning_rate": 0.5388550972627227,
        "max_bins": 297,
        "max_leaves": 9
    },
    "score": 0.7066856330014225,
    "tuning_n_trials": 0,
    "val_score": 0.6705906230972194,
    "train_time": 1.3312628269195557,
    "evaluation_time": 0.02370429039001465,
    "metric_used": "f1"
}