{
    "hp": {
        "learning_rate": 0.5388550972627227,
        "max_bins": 297,
        "max_leaves": 9
    },
    "score": 0.6705906230972194,
    "n_trials": 0,
    "tuning_time": 122.18776059150696
}