{
    "hp": {
        "C": 2.909677423997976,
        "epsilon": 0.45141706843512075,
        "gamma": "auto",
        "kernel": "rbf"
    },
    "score": 2.697688795833249,
    "n_trials": 412,
    "tuning_time": 977.6618523597717
}