{
    "hp": {
        "learning_rate": 0.4381741933975941,
        "loss": "linear",
        "n_estimators": 452
    },
    "score": -4.410310649546463,
    "tuning_n_trials": 501,
    "val_score": 3.8950267679386164,
    "train_time": 0.10305285453796387,
    "evaluation_time": 0.003963947296142578,
    "metric_used": "rmse"
}