{
    "hp": {
        "learning_rate": 0.4381741933975941,
        "loss": "linear",
        "n_estimators": 452
    },
    "score": 3.8950267679386164,
    "n_trials": 501,
    "tuning_time": 1008.0818207263947
}