{
    "hp": {
        "alpha": 1.0227434926265548
    },
    "score": -10.076059290106931,
    "tuning_n_trials": 185,
    "val_score": 10.619866732904434,
    "train_time": 0.004717826843261719,
    "evaluation_time": 0.00026679039001464844,
    "metric_used": "rmse"
}