{
    "hp": {
        "alpha": 1.0197948460111592
    },
    "score": -10.07606749542874,
    "tuning_n_trials": 275,
    "val_score": 10.619866736209051,
    "train_time": 0.004679203033447266,
    "evaluation_time": 0.00027060508728027344,
    "metric_used": "rmse"
}