{
    "hp": {
        "alpha": 1.0197948460111592
    },
    "score": 10.619866736209051,
    "n_trials": 275,
    "tuning_time": 9.111078977584839
}