{
    "hp": {
        "alpha": 1.0227434926265548
    },
    "score": 10.619866732904434,
    "n_trials": 185,
    "tuning_time": 1030.4109773635864
}