{
    "hp": {
        "C": 1447.3651314877636,
        "class_weight": "balanced",
        "kernel": "linear"
    },
    "score": 0.36,
    "tuning_n_trials": 277,
    "val_score": 0.39490445859872614,
    "train_time": 1.9262375831604004,
    "evaluation_time": 0.0013887882232666016,
    "metric_used": "f1"
}