{
    "hp": {
        "C": 1447.3651314877636,
        "class_weight": "balanced",
        "kernel": "linear"
    },
    "score": 0.39490445859872614,
    "n_trials": 277,
    "tuning_time": 1163.1950047016144
}