{
    "hp": {
        "C": 3394.3581932947295,
        "class_weight": "balanced",
        "kernel": "linear"
    },
    "score": 0.40522875816993464,
    "n_trials": 263,
    "tuning_time": 1075.9365327358246
}