{
    "hp": {
        "learning_rate": 0.4926650007917157,
        "loss": "exponential",
        "n_estimators": 78
    },
    "score": 1.183366120440191,
    "n_trials": 269,
    "tuning_time": 1006.1040487289429
}