{
    "hp": {
        "C": 0.07943194863182812,
        "class_weight": "balanced",
        "kernel": "linear"
    },
    "score": 0.5071360608943863,
    "n_trials": 3,
    "tuning_time": 1304.9612436294556
}