{
    "hp": {
        "C": 5.557810517950434,
        "epsilon": 2.6938664132960306,
        "gamma": "auto",
        "kernel": "rbf"
    },
    "score": -4.204476171163741,
    "tuning_n_trials": 790,
    "val_score": 4.218741040894793,
    "train_time": 0.021071910858154297,
    "evaluation_time": 0.0011546611785888672,
    "metric_used": "rmse"
}