{
    "hp": {
        "C": 5.557810517950434,
        "epsilon": 2.6938664132960306,
        "gamma": "auto",
        "kernel": "rbf"
    },
    "score": 4.218741040894793,
    "n_trials": 790,
    "tuning_time": 1002.6949579715729
}