{
    "hp": {
        "C": 5.426664772045719,
        "epsilon": 2.783578453337179,
        "gamma": "scale",
        "kernel": "rbf"
    },
    "score": 4.2188745137953045,
    "n_trials": 272,
    "tuning_time": 220.25908422470093
}