{
    "hp": {
        "C": 0.9067220515780651,
        "epsilon": 0.47806641595798643,
        "kernel": "linear"
    },
    "score": 1.946973023291929,
    "n_trials": 311,
    "tuning_time": 1001.02991938591
}