{
    "hp": {
        "interactions": 0,
        "learning_rate": 0.5388550972627227,
        "max_bins": 297,
        "max_leaves": 9
    },
    "score": -1.3567366816230304,
    "tuning_n_trials": 0,
    "val_score": 1.603471583418254,
    "train_time": 0.7602279186248779,
    "evaluation_time": 0.0047130584716796875,
    "metric_used": "rmse"
}