{
    "hp": {
        "interactions": 0,
        "learning_rate": 0.5388550972627227,
        "max_bins": 297,
        "max_leaves": 9
    },
    "score": 1.603471583418254,
    "n_trials": 0,
    "tuning_time": 151.98516178131104
}