{
    "hp": {
        "alpha": 0.9,
        "criterion": "mse",
        "learning_rate": 0.01016386760881234,
        "loss": "ls",
        "max_depth": 3,
        "max_features": 0.6831032911737356,
        "min_samples_leaf": 32,
        "n_estimators": 246,
        "subsample": 0.7167379270422211
    },
    "score": -21.842044021289905,
    "tuning_n_trials": 157,
    "val_score": 13.318144871832422,
    "train_time": 0.3192291259765625,
    "evaluation_time": 0.0018072128295898438,
    "metric_used": "rmse"
}