{
    "hp": {
        "alpha": 0.9,
        "criterion": "mse",
        "learning_rate": 0.01564605986970699,
        "loss": "ls",
        "max_depth": 4,
        "max_features": 0.2572664242525482,
        "min_samples_leaf": 24,
        "n_estimators": 137,
        "subsample": 0.5075818553175415
    },
    "score": -21.86933591341886,
    "tuning_n_trials": 106,
    "val_score": 13.367474187212764,
    "train_time": 0.12284469604492188,
    "evaluation_time": 0.0013582706451416016,
    "metric_used": "rmse"
}