{
    "hp": {
        "algorithm": "SAMME",
        "learning_rate": 1.3233528352790416,
        "n_estimators": 888
    },
    "score": 0.7118055555555556,
    "tuning_n_trials": 250,
    "val_score": 0.6894553881807648,
    "train_time": 2.152684450149536,
    "evaluation_time": 0.08541584014892578,
    "metric_used": "accuracy"
}