{
    "hp": {
        "activation": "logistic",
        "alpha": 0.002030649190986165,
        "batch_size": 128,
        "early_stopping": true,
        "hidden_layer_sizes": [
            85,
            85
        ],
        "learning_rate": "adaptive",
        "learning_rate_init": 0.0043854046954098485,
        "momentum": 0.9465439329966581,
        "nesterovs_momentum": false,
        "solver": "sgd"
    },
    "score": -2.879416949103888,
    "tuning_n_trials": 155,
    "val_score": 2.7038125560036175,
    "train_time": 0.7900125980377197,
    "evaluation_time": 0.001438140869140625,
    "metric_used": "rmse"
}