{
    "hp": {
        "activation": "logistic",
        "alpha": 7.30395132678291e-07,
        "batch_size": 128,
        "early_stopping": true,
        "hidden_layer_sizes": [
            90
        ],
        "learning_rate": "constant",
        "learning_rate_init": 0.01785089679059726,
        "momentum": 0.8846868369845968,
        "nesterovs_momentum": false,
        "solver": "sgd"
    },
    "score": 2.0112996958929754,
    "n_trials": 168,
    "tuning_time": 1007.5743660926819
}