{
    "hp": {
        "alpha": 999.9934542151691
    },
    "score": -7.6899353076108214,
    "tuning_n_trials": 80,
    "val_score": 23.993996212324912,
    "train_time": 0.018172740936279297,
    "evaluation_time": 0.0002372264862060547,
    "metric_used": "rmse"
}