{
    "hp": {
        "alpha": 999.9934542151691
    },
    "score": 23.993996212324912,
    "n_trials": 80,
    "tuning_time": 6.951956033706665
}