{
    "hp": {
        "C": 244.8497764612263,
        "class_weight": null,
        "gamma": 0.001987072405488598,
        "kernel": "rbf"
    },
    "score": 0.5620789604388153,
    "tuning_n_trials": 347,
    "val_score": 0.5945608905463318,
    "train_time": 0.08287715911865234,
    "evaluation_time": 0.016780853271484375,
    "metric_used": "f1"
}