{
    "hp": {
        "C": 1.0486014876405698,
        "class_weight": null,
        "coef0": 0.7434322771459642,
        "degree": 2.0,
        "gamma": "auto",
        "kernel": "poly"
    },
    "score": 0.580965062046302,
    "tuning_n_trials": 737,
    "val_score": 0.5830932293866162,
    "train_time": 0.04457736015319824,
    "evaluation_time": 0.00874638557434082,
    "metric_used": "f1"
}