{
    "hp": {
        "C": 244.8497764612263,
        "class_weight": null,
        "gamma": 0.001987072405488598,
        "kernel": "rbf"
    },
    "score": 0.5945608905463318,
    "n_trials": 347,
    "tuning_time": 1020.7596333026886
}