{
    "hp": {
        "learning_rate": 0.5388550972627227,
        "max_bins": 297,
        "max_leaves": 9
    },
    "score": 0.0,
    "tuning_n_trials": 1,
    "val_score": 0.07017543859649122,
    "train_time": 0.6807396411895752,
    "evaluation_time": 0.0018329620361328125,
    "metric_used": "f1"
}