{
    "hp": {
        "class_weight": "balanced_subsample",
        "max_depth": null,
        "max_features": "log2",
        "min_samples_leaf": 7,
        "n_estimators": 77
    },
    "score": 0.28205128205128205,
    "tuning_n_trials": 229,
    "val_score": 0.29553264604810997,
    "train_time": 0.3923826217651367,
    "evaluation_time": 0.11682868003845215,
    "metric_used": "f1"
}