{
    "hp": {
        "max_depth": 91,
        "max_features": "sqrt",
        "min_samples_leaf": 22,
        "n_estimators": 10
    },
    "score": -212.13925382525727,
    "tuning_n_trials": 381,
    "val_score": 350.0141970987311,
    "train_time": 0.17075085639953613,
    "evaluation_time": 0.10495710372924805,
    "metric_used": "rmse"
}