{
    "hp": {
        "max_depth": null,
        "max_features": "log2",
        "min_samples_leaf": 27,
        "n_estimators": 17
    },
    "score": -212.5046866155261,
    "tuning_n_trials": 242,
    "val_score": 350.05852403009357,
    "train_time": 0.1406865119934082,
    "evaluation_time": 0.10586714744567871,
    "metric_used": "rmse"
}