{
    "hp": {
        "activation": "logistic",
        "alpha": 0.00013680960357934324,
        "batch_size": 128,
        "early_stopping": true,
        "hidden_layer_sizes": [
            85,
            85
        ],
        "learning_rate": "adaptive",
        "learning_rate_init": 0.0010872979832790793,
        "momentum": 0.9267984086160492,
        "nesterovs_momentum": true,
        "solver": "sgd"
    },
    "score": -2.794484807216427,
    "tuning_n_trials": 388,
    "val_score": 2.71901456635726,
    "train_time": 1.1834452152252197,
    "evaluation_time": 0.0014922618865966797,
    "metric_used": "rmse"
}