{
    "hp": {
        "alpha": 0.0010000707776795597,
        "n_restarts_optimizer": 3.0
    },
    "score": -4.79950824922591,
    "tuning_n_trials": 973,
    "val_score": 4.505147525171674,
    "train_time": 0.027757883071899414,
    "evaluation_time": 0.002566814422607422,
    "metric_used": "rmse"
}