{
    "hp": {
        "alpha": 0.0010000707776795597,
        "n_restarts_optimizer": 3.0
    },
    "score": 4.505147525171674,
    "n_trials": 973,
    "tuning_time": 163.11569809913635
}