{
    "hp": {
        "metric": "euclidean",
        "n_neighbors": 26,
        "p": 2,
        "weights": "distance"
    },
    "score": 0.4382905072560245,
    "n_trials": 170,
    "tuning_time": 1663.745901107788
}