{
    "hp": {
        "criterion": "friedman_mse",
        "max_depth": 25,
        "max_features": 0.4761730773548391,
        "min_samples_leaf": 12,
        "min_samples_split": 6,
        "splitter": "best"
    },
    "score": -4.284650501013739,
    "tuning_n_trials": 150,
    "val_score": 3.9105795664041265,
    "train_time": 0.015997648239135742,
    "evaluation_time": 0.0003006458282470703,
    "metric_used": "rmse"
}