{
    "hp": {
        "criterion": "friedman_mse",
        "max_depth": 16,
        "max_features": 0.3529325459348123,
        "min_samples_leaf": 35,
        "min_samples_split": 2,
        "splitter": "random"
    },
    "score": 414.19583069037833,
    "n_trials": 589,
    "tuning_time": 154.88628482818604
}