{
    "hp": {
        "learning_rate": 0.09228497044562657,
        "max_bins": 330,
        "max_leaves": 2
    },
    "score": 0.9411764705882353,
    "tuning_n_trials": 10,
    "val_score": 0.9617486338797814,
    "train_time": 0.21376633644104004,
    "evaluation_time": 0.0012297630310058594,
    "metric_used": "f1"
}