{
    "hp": {
        "alpha": 0.5018369471070575,
        "n_restarts_optimizer": 7.0
    },
    "score": 0.6572929264593234,
    "n_trials": 193,
    "tuning_time": 311.207879781723
}