{
    "hp": {
        "algorithm": "SAMME",
        "learning_rate": 0.7368819464252727,
        "n_estimators": 218
    },
    "score": 0.6115634741503927,
    "tuning_n_trials": 70,
    "val_score": 0.6691574761651617,
    "train_time": 0.9861500263214111,
    "evaluation_time": 0.02902674674987793,
    "metric_used": "f1"
}