{
    "hp": {
        "algorithm": "SAMME",
        "learning_rate": 0.7368819464252727,
        "n_estimators": 218
    },
    "score": 0.6691574761651617,
    "n_trials": 70,
    "tuning_time": 1045.830763578415
}