{
    "hp": {
        "alpha": 0.5,
        "criterion": "mae",
        "learning_rate": 0.015168785107756627,
        "loss": "quantile",
        "max_depth": 4,
        "max_features": "log2",
        "min_samples_leaf": 1,
        "n_estimators": 672,
        "subsample": 0.7938096756586981
    },
    "score": -2.820831976348789,
    "tuning_n_trials": 77,
    "val_score": 2.653081687268967,
    "train_time": 3.4791886806488037,
    "evaluation_time": 0.003686666488647461,
    "metric_used": "rmse"
}