{
    "hp": {
        "alpha": 0.9336727855362117,
        "criterion": "mse",
        "learning_rate": 0.01743811547841616,
        "loss": "huber",
        "max_depth": 4,
        "max_features": "log2",
        "min_samples_leaf": 1,
        "n_estimators": 392,
        "subsample": 0.5812069579808014
    },
    "score": 2.642393896573777,
    "n_trials": 104,
    "tuning_time": 1060.8226833343506
}