{
    "hp": {
        "alpha": 0.5,
        "criterion": "mae",
        "learning_rate": 0.015168785107756627,
        "loss": "quantile",
        "max_depth": 4,
        "max_features": "log2",
        "min_samples_leaf": 1,
        "n_estimators": 672,
        "subsample": 0.7938096756586981
    },
    "score": 2.653081687268967,
    "n_trials": 77,
    "tuning_time": 1026.754994392395
}