{
    "hp": {
        "C": 2.029251377445477,
        "class_weight": null,
        "gamma": "scale",
        "kernel": "rbf"
    },
    "score": 0.7650946900474809,
    "tuning_n_trials": 257,
    "val_score": 0.7895737464241179,
    "train_time": 0.09082150459289551,
    "evaluation_time": 0.027220964431762695,
    "metric_used": "f1"
}