{
    "hp": {
        "C": 2.5149453835946955,
        "class_weight": null,
        "gamma": "scale",
        "kernel": "rbf"
    },
    "score": 0.7687664802391045,
    "tuning_n_trials": 226,
    "val_score": 0.7904443860081355,
    "train_time": 0.10658144950866699,
    "evaluation_time": 0.029927730560302734,
    "metric_used": "f1"
}