{
    "hp": {
        "C": 2.029251377445477,
        "class_weight": null,
        "gamma": "scale",
        "kernel": "rbf"
    },
    "score": 0.7895737464241179,
    "n_trials": 257,
    "tuning_time": 1014.3395297527313
}