{
    "hp": {
        "class_weight": "balanced",
        "max_depth": 55,
        "max_features": 0.8592665535067447,
        "min_samples_leaf": 37,
        "min_samples_split": 9,
        "splitter": "random"
    },
    "score": 0.23008849557522124,
    "tuning_n_trials": 247,
    "val_score": 0.24932249322493225,
    "train_time": 0.03912973403930664,
    "evaluation_time": 0.001356363296508789,
    "metric_used": "f1"
}