{
    "hp": {
        "activation": "logistic",
        "alpha": 0.0001511123147991563,
        "batch_size": 128,
        "early_stopping": true,
        "hidden_layer_sizes": [
            85
        ],
        "learning_rate": "constant",
        "learning_rate_init": 0.0016380282140417448,
        "momentum": 0.9881516429344344,
        "nesterovs_momentum": false,
        "solver": "adam"
    },
    "score": -1.3311497348636654,
    "tuning_n_trials": 274,
    "val_score": 1.4387371665456161,
    "train_time": 0.5429625511169434,
    "evaluation_time": 0.002460479736328125,
    "metric_used": "rmse"
}