{
    "hp": {
        "activation": "logistic",
        "alpha": 0.0001511123147991563,
        "batch_size": 128,
        "early_stopping": true,
        "hidden_layer_sizes": [
            85
        ],
        "learning_rate": "constant",
        "learning_rate_init": 0.0016380282140417448,
        "momentum": 0.9881516429344344,
        "nesterovs_momentum": false,
        "solver": "adam"
    },
    "score": 1.4387371665456161,
    "n_trials": 274,
    "tuning_time": 1038.2737884521484
}