{
    "hp": {
        "algorithm": "SAMME",
        "learning_rate": 2.79833564610274,
        "n_estimators": 578
    },
    "score": 0.30943020461524184,
    "tuning_n_trials": 299,
    "val_score": 0.42485073931716394,
    "train_time": 0.9906134605407715,
    "evaluation_time": 0.06677007675170898,
    "metric_used": "f1"
}