{
    "hp": {
        "alpha": 2.103589825368041
    },
    "score": -1.2775224590432226,
    "tuning_n_trials": 168,
    "val_score": 1.2130825804833008,
    "train_time": 0.0045011043548583984,
    "evaluation_time": 0.0002646446228027344,
    "metric_used": "rmse"
}