{
    "hp": {
        "alpha": 2.103589825368041
    },
    "score": 1.2130825804833008,
    "n_trials": 168,
    "tuning_time": 7.4118006229400635
}