{
    "hp": {
        "learning_rate": 0.004204816293624292,
        "max_bins": 252,
        "max_leaves": 21
    },
    "score": 0.03076923076923077,
    "n_trials": 23,
    "tuning_time": 147.55600023269653
}