{
    "hp": {
        "activation": "tanh",
        "alpha": 0.004897747715865396,
        "batch_size": 128,
        "early_stopping": true,
        "hidden_layer_sizes": [
            90,
            90
        ],
        "learning_rate": "adaptive",
        "learning_rate_init": 0.01773925139936818,
        "momentum": 0.9180591755280216,
        "nesterovs_momentum": true,
        "solver": "adam"
    },
    "score": 0.5189785804153872,
    "tuning_n_trials": 147,
    "val_score": 0.5870330270190643,
    "train_time": 0.2757565975189209,
    "evaluation_time": 0.005764007568359375,
    "metric_used": "f1"
}