{
    "hp": {
        "metric": "manhattan",
        "n_neighbors": 47,
        "p": 1,
        "weights": "uniform"
    },
    "score": -231.00182566854338,
    "tuning_n_trials": 32,
    "val_score": 416.7823385603169,
    "train_time": 0.01871490478515625,
    "evaluation_time": 0.11735415458679199,
    "metric_used": "rmse"
}