{
    "hp": {
        "metric": "manhattan",
        "n_neighbors": 23,
        "p": 1,
        "weights": "distance"
    },
    "score": -2.895187066155715,
    "tuning_n_trials": 258,
    "val_score": 2.8663540888982078,
    "train_time": 0.017541170120239258,
    "evaluation_time": 0.12195229530334473,
    "metric_used": "rmse"
}