{
    "hp": {
        "interactions": 0,
        "learning_rate": 0.5388550972627227,
        "max_bins": 297,
        "max_leaves": 9
    },
    "score": -276.5133889188402,
    "tuning_n_trials": 0,
    "val_score": 276.1359516661491,
    "train_time": 2.4091808795928955,
    "evaluation_time": 0.1333773136138916,
    "metric_used": "rmse"
}