{
    "hp": {
        "interactions": 0,
        "learning_rate": 0.5388550972627227,
        "max_bins": 297,
        "max_leaves": 9
    },
    "score": 276.1359516661491,
    "n_trials": 0,
    "tuning_time": 122.11801171302795
}