{
    "hp": {
        "class_weight": "balanced",
        "max_depth": null,
        "max_features": null,
        "min_samples_leaf": 15,
        "min_samples_split": 8,
        "splitter": "best"
    },
    "score": 0.8265895953757225,
    "tuning_n_trials": 228,
    "val_score": 0.8820116054158608,
    "train_time": 0.08857369422912598,
    "evaluation_time": 0.0006930828094482422,
    "metric_used": "accuracy"
}