{
    "hp": {
        "criterion": "mse",
        "max_depth": null,
        "max_features": 0.8818902352408169,
        "min_samples_leaf": 36,
        "min_samples_split": 4,
        "splitter": "best"
    },
    "score": -0.6789544471040027,
    "tuning_n_trials": 259,
    "val_score": 0.6635186527767932,
    "train_time": 0.007027864456176758,
    "evaluation_time": 0.00038814544677734375,
    "metric_used": "rmse"
}