{
    "hp": {
        "activation": "relu",
        "batch_size": 128,
        "lr": 0.00047599329941211725,
        "momentum": 0.8809746934623738,
        "n_layers": 3,
        "n_neuron_per_layer": 81,
        "p_dropout": 0.26355490387330355,
        "weight_decay": 2.7238857086247128e-06
    },
    "score": 4.303129816829274,
    "n_trials": 13,
    "tuning_time": 1080.0047941207886
}