{
    "hp": {
        "alpha": 0.9396302395968981,
        "criterion": "mse",
        "learning_rate": 0.12750919230935842,
        "loss": "huber",
        "max_depth": 2,
        "max_features": 0.7983037516953468,
        "min_samples_leaf": 43,
        "n_estimators": 382,
        "subsample": 0.8785075086582746
    },
    "score": -20.591481221825436,
    "tuning_n_trials": 370,
    "val_score": 46.42331836146179,
    "train_time": 0.5182743072509766,
    "evaluation_time": 0.0013811588287353516,
    "metric_used": "rmse"
}