{
    "hp": {
        "alpha": 0.9498725570581101,
        "criterion": "friedman_mse",
        "learning_rate": 0.5336162901591579,
        "loss": "huber",
        "max_depth": 4,
        "max_features": 0.46577774900379254,
        "min_samples_leaf": 50,
        "n_estimators": 288,
        "subsample": 1.0
    },
    "score": -20.07689417735776,
    "tuning_n_trials": 583,
    "val_score": 46.1436250109636,
    "train_time": 0.44414520263671875,
    "evaluation_time": 0.001461029052734375,
    "metric_used": "rmse"
}