{
    "hp": {
        "alpha": 0.9498725570581101,
        "criterion": "friedman_mse",
        "learning_rate": 0.5336162901591579,
        "loss": "huber",
        "max_depth": 4,
        "max_features": 0.46577774900379254,
        "min_samples_leaf": 50,
        "n_estimators": 288,
        "subsample": 1.0
    },
    "score": 46.1436250109636,
    "n_trials": 583,
    "tuning_time": 1023.3111815452576
}