{
    "hp": {
        "activation": "relu",
        "alpha": 6.819211961867249e-07,
        "batch_size": 128,
        "early_stopping": true,
        "hidden_layer_sizes": [
            30,
            30,
            30
        ],
        "learning_rate": "adaptive",
        "learning_rate_init": 0.000784846803977368,
        "momentum": 0.8782861609048325,
        "nesterovs_momentum": true,
        "solver": "adam"
    },
    "score": 0.4644107351225204,
    "tuning_n_trials": 0,
    "val_score": 0.48191247154060207,
    "train_time": 3.7130844593048096,
    "evaluation_time": 0.0171053409576416,
    "metric_used": "f1"
}