{
    "hp": {
        "learning_rate": 0.16448058184172856,
        "loss": "linear",
        "n_estimators": 659
    },
    "score": -0.612904601236763,
    "tuning_n_trials": 547,
    "val_score": 0.6559575085488641,
    "train_time": 0.7319502830505371,
    "evaluation_time": 0.025967121124267578,
    "metric_used": "rmse"
}