{
    "hp": {
        "learning_rate": 0.16448058184172856,
        "loss": "linear",
        "n_estimators": 659
    },
    "score": 0.6559575085488641,
    "n_trials": 547,
    "tuning_time": 1019.2610769271851
}