{
    "hp": {
        "learning_rate": 0.007135048113946318,
        "loss": "exponential",
        "n_estimators": 614
    },
    "score": 0.1475304028655153,
    "n_trials": 86,
    "tuning_time": 1131.83758020401
}