{
    "hp": {
        "learning_rate": 0.048000138539112,
        "loss": "linear",
        "n_estimators": 25
    },
    "score": 0.14767738778532447,
    "n_trials": 29,
    "tuning_time": 1080.0889225006104
}