{
    "hp": {
        "C": 2.339210566803303,
        "epsilon": 0.3640794090054327,
        "gamma": "scale",
        "kernel": "rbf"
    },
    "score": -0.6719144313220664,
    "tuning_n_trials": 39,
    "val_score": 0.6917690156743073,
    "train_time": 0.6443030834197998,
    "evaluation_time": 0.10413455963134766,
    "metric_used": "rmse"
}