{
    "hp": {
        "C": 5.794497913040242,
        "epsilon": 0.13000482949575073,
        "gamma": "auto",
        "kernel": "rbf"
    },
    "score": 0.6984003073048494,
    "n_trials": 26,
    "tuning_time": 1051.7861065864563
}