{
    "hp": {
        "C": 2.339210566803303,
        "epsilon": 0.3640794090054327,
        "gamma": "scale",
        "kernel": "rbf"
    },
    "score": 0.6917690156743073,
    "n_trials": 39,
    "tuning_time": 1080.0041296482086
}