{
    "hp": {
        "C": 131.46935680953845,
        "epsilon": 99.96841788718228,
        "gamma": "scale",
        "kernel": "rbf"
    },
    "score": -203.9207888141262,
    "tuning_n_trials": 1096,
    "val_score": 350.4021618208016,
    "train_time": 0.02665543556213379,
    "evaluation_time": 0.0014605522155761719,
    "metric_used": "rmse"
}