{
    "hp": {
        "C": 782.2512791167036,
        "epsilon": 91.38785007891997,
        "kernel": "linear"
    },
    "score": -206.18700669625196,
    "tuning_n_trials": 148,
    "val_score": 350.3822952475796,
    "train_time": 0.2660195827484131,
    "evaluation_time": 0.0011701583862304688,
    "metric_used": "rmse"
}