{
    "hp": {
        "C": 782.2512791167036,
        "epsilon": 91.38785007891997,
        "kernel": "linear"
    },
    "score": 350.3822952475796,
    "n_trials": 148,
    "tuning_time": 922.879025220871
}