{
    "hp": {
        "C": 131.46935680953845,
        "epsilon": 99.96841788718228,
        "gamma": "scale",
        "kernel": "rbf"
    },
    "score": 350.4021618208016,
    "n_trials": 1096,
    "tuning_time": 1044.7230732440948
}