{
    "hp": {
        "max_depth": null,
        "max_features": 0.004421716797260999,
        "min_samples_leaf": 3,
        "n_estimators": 28
    },
    "score": -20.50428847414567,
    "tuning_n_trials": 128,
    "val_score": 46.680530993140735,
    "train_time": 0.1428384780883789,
    "evaluation_time": 0.10787582397460938,
    "metric_used": "rmse"
}