{
    "hp": {
        "max_depth": null,
        "max_features": "log2",
        "min_samples_leaf": 23,
        "n_estimators": 10
    },
    "score": -21.684500514472667,
    "tuning_n_trials": 282,
    "val_score": 46.71509968983771,
    "train_time": 0.14193272590637207,
    "evaluation_time": 0.10462164878845215,
    "metric_used": "rmse"
}