{
    "hp": {
        "max_depth": null,
        "max_features": 0.004421716797260999,
        "min_samples_leaf": 3,
        "n_estimators": 28
    },
    "score": 46.680530993140735,
    "n_trials": 128,
    "tuning_time": 807.5656321048737
}