{
    "hp": {
        "criterion": "mse",
        "learning_rate": 0.020348615537810602,
        "max_depth": 4,
        "max_features": 0.770751389515306,
        "min_samples_leaf": 12,
        "n_estimators": 588,
        "subsample": 1.0
    },
    "score": 0.7023030992323003,
    "tuning_n_trials": 2,
    "val_score": 0.7086194814295725,
    "train_time": 16.391393184661865,
    "evaluation_time": 0.1868729591369629,
    "metric_used": "f1"
}