{
    "hp": {
        "criterion": "friedman_mse",
        "learning_rate": 0.22430116973800246,
        "max_depth": 5,
        "max_features": "sqrt",
        "min_samples_leaf": 2,
        "n_estimators": 129,
        "subsample": 1.0
    },
    "score": 0.7041303737004777,
    "tuning_n_trials": 35,
    "val_score": 0.7150737829264929,
    "train_time": 2.8781888484954834,
    "evaluation_time": 0.06463742256164551,
    "metric_used": "f1"
}