{
    "hp": {
        "criterion": "friedman_mse",
        "learning_rate": 0.22430116973800246,
        "max_depth": 5,
        "max_features": "sqrt",
        "min_samples_leaf": 2,
        "n_estimators": 129,
        "subsample": 1.0
    },
    "score": 0.7150737829264929,
    "n_trials": 35,
    "tuning_time": 3000.00266289711
}