{
    "hp": {
        "learning_rate": 0.16785342746712226,
        "loss": "linear",
        "n_estimators": 477
    },
    "score": 0.5253250789991974,
    "tuning_n_trials": 2,
    "val_score": 0.5317558513012344,
    "train_time": 1212.9516108036041,
    "evaluation_time": 11.846043586730957,
    "metric_used": "r2"
}