{
    "hp": {
        "alpha": 0.9458788253852634,
        "criterion": "friedman_mse",
        "learning_rate": 0.055460148855011555,
        "loss": "huber",
        "max_depth": 4,
        "max_features": 0.8218766431095602,
        "min_samples_leaf": 1,
        "n_estimators": 991,
        "subsample": 0.5029073270116872
    },
    "score": -3.6725192159894338,
    "tuning_n_trials": 242,
    "val_score": 4.202779215112537,
    "train_time": 3.3086910247802734,
    "evaluation_time": 0.00667262077331543,
    "metric_used": "rmse"
}