{
    "hp": {
        "alpha": 0.9306801558462334,
        "criterion": "mse",
        "learning_rate": 0.07625679653554107,
        "loss": "huber",
        "max_depth": 4,
        "max_features": 0.5572879783114247,
        "min_samples_leaf": 1,
        "n_estimators": 729,
        "subsample": 0.7793199775883511
    },
    "score": 4.225854628660491,
    "n_trials": 32,
    "tuning_time": 1022.4555368423462
}