{
    "hp": {
        "alpha": 0.9243252850595497,
        "criterion": "mse",
        "learning_rate": 0.038283088847662454,
        "loss": "huber",
        "max_depth": 3,
        "max_features": 0.8508730438277515,
        "min_samples_leaf": 1,
        "n_estimators": 199,
        "subsample": 0.6720872466232846
    },
    "score": -1.1328358571013526,
    "tuning_n_trials": 74,
    "val_score": 1.292772930274716,
    "train_time": 0.5400316715240479,
    "evaluation_time": 0.0011553764343261719,
    "metric_used": "rmse"
}