{
    "hp": {
        "alpha": 0.8640319029575749,
        "criterion": "friedman_mse",
        "learning_rate": 0.016908550652583215,
        "loss": "huber",
        "max_depth": 3,
        "max_features": 0.5092946029066509,
        "min_samples_leaf": 6,
        "n_estimators": 505,
        "subsample": 1.0
    },
    "score": 1.279384366243982,
    "n_trials": 270,
    "tuning_time": 1019.0626182556152
}