{
    "hp": {
        "algorithm": "SAMME.R",
        "learning_rate": 0.6687636107675163,
        "n_estimators": 25
    },
    "score": 0.9322033898305084,
    "tuning_n_trials": 295,
    "val_score": 0.9617486338797814,
    "train_time": 0.05196237564086914,
    "evaluation_time": 0.006182432174682617,
    "metric_used": "f1"
}