{
    "hp": {
        "interactions": 0,
        "learning_rate": 0.13660553377319792,
        "max_bins": 120,
        "max_leaves": 3
    },
    "score": -0.6873069316819195,
    "tuning_n_trials": 27,
    "val_score": 0.7118883528718506,
    "train_time": 0.637505292892456,
    "evaluation_time": 0.0013356208801269531,
    "metric_used": "rmse"
}