{
    "hp": {
        "activation": "relu",
        "alpha": 7.67365134681978e-07,
        "batch_size": 128,
        "early_stopping": true,
        "hidden_layer_sizes": [
            95,
            95,
            95
        ],
        "learning_rate": "adaptive",
        "learning_rate_init": 0.005399653507938796,
        "momentum": 0.9057482053829449,
        "nesterovs_momentum": true,
        "solver": "sgd"
    },
    "score": 0.6980974354028128,
    "n_trials": 32,
    "tuning_time": 1080.0143313407898
}