{
    "hp": {
        "activation": "tanh",
        "alpha": 2.1843538446197376e-05,
        "batch_size": 128,
        "early_stopping": true,
        "hidden_layer_sizes": [
            60
        ],
        "learning_rate": "adaptive",
        "learning_rate_init": 0.023045807398815732,
        "momentum": 0.9206648021606973,
        "nesterovs_momentum": true,
        "solver": "sgd"
    },
    "score": 0.8034682080924855,
    "tuning_n_trials": 215,
    "val_score": 0.8839458413926499,
    "train_time": 0.42357420921325684,
    "evaluation_time": 0.004740715026855469,
    "metric_used": "accuracy"
}