{
    "hp": {
        "activation": "tanh",
        "alpha": 0.0008030382508321269,
        "batch_size": 128,
        "early_stopping": true,
        "hidden_layer_sizes": [
            50
        ],
        "learning_rate": "adaptive",
        "learning_rate_init": 0.052930168535076046,
        "momentum": 0.8755276436671996,
        "nesterovs_momentum": true,
        "solver": "sgd"
    },
    "score": 0.8897485493230174,
    "n_trials": 338,
    "tuning_time": 1001.4655740261078
}