{
    "hp": {
        "class_weight": "balanced",
        "max_depth": 4,
        "max_features": "log2",
        "min_samples_leaf": 1,
        "min_samples_split": 8,
        "splitter": "best"
    },
    "score": 0.5608465608465608,
    "tuning_n_trials": 107,
    "val_score": 0.5861456483126111,
    "train_time": 0.008388280868530273,
    "evaluation_time": 0.0007488727569580078,
    "metric_used": "f1"
}