{
    "hp": {
        "class_weight": "balanced_subsample",
        "max_depth": null,
        "max_features": "sqrt",
        "min_samples_leaf": 2,
        "n_estimators": 241
    },
    "score": 0.7069813176007866,
    "tuning_n_trials": 815,
    "val_score": 0.712744802651401,
    "train_time": 3.688714027404785,
    "evaluation_time": 0.2542436122894287,
    "metric_used": "f1"
}