{
    "hp": {
        "class_weight": "balanced_subsample",
        "max_depth": 199,
        "max_features": 0.25104705590062226,
        "min_samples_leaf": 2,
        "n_estimators": 252
    },
    "score": 0.71147007413658,
    "n_trials": 77,
    "tuning_time": 1128.7966377735138
}