{
    "hp": {
        "alpha": 8.845274258581082
    },
    "score": 2.0082403875766945,
    "n_trials": 285,
    "tuning_time": 10.924855947494507
}