{
    "hp": {
        "learning_rate": 0.5388550972627227,
        "max_bins": 297,
        "max_leaves": 9
    },
    "score": 0.43795620437956206,
    "tuning_n_trials": 0,
    "val_score": 0.4464550979068197,
    "train_time": 1.1618688106536865,
    "evaluation_time": 0.01399850845336914,
    "metric_used": "f1"
}