{
    "hp": {
        "class_weight": "balanced",
        "max_depth": null,
        "max_features": "sqrt",
        "min_samples_leaf": 6,
        "n_estimators": 291
    },
    "score": 0.9516129032258065,
    "tuning_n_trials": 20,
    "val_score": 0.9651474530831099,
    "train_time": 0.9695658683776855,
    "evaluation_time": 0.13450074195861816,
    "metric_used": "f1"
}