{
    "hp": {
        "activation": "logistic",
        "alpha": 1.685856696190033e-06,
        "batch_size": 128,
        "early_stopping": true,
        "hidden_layer_sizes": [
            65,
            65,
            65
        ],
        "learning_rate": "adaptive",
        "learning_rate_init": 0.0018073021188992915,
        "momentum": 0.9212137942876474,
        "nesterovs_momentum": true,
        "solver": "adam"
    },
    "score": -0.1313414103001487,
    "tuning_n_trials": 93,
    "val_score": 0.13948687565292964,
    "train_time": 26.158743858337402,
    "evaluation_time": 0.002981901168823242,
    "metric_used": "rmse"
}