{
    "hp": {
        "C": 3639.277390471455,
        "epsilon": 0.16354619314682423,
        "gamma": "auto",
        "kernel": "rbf"
    },
    "score": -77.16979581137485,
    "tuning_n_trials": 2,
    "val_score": 78.56450852213021,
    "train_time": 117.60071635246277,
    "evaluation_time": 2.9269652366638184,
    "metric_used": "rmse"
}