{
    "hp": {
        "C": 3639.277390471455,
        "epsilon": 0.16354619314682423,
        "gamma": "auto",
        "kernel": "rbf"
    },
    "score": 78.56450852213021,
    "n_trials": 2,
    "tuning_time": 1080.004870891571
}