{
    "hp": {
        "C": 739.4820866144921,
        "epsilon": 0.2729554233267001,
        "gamma": "auto",
        "kernel": "rbf"
    },
    "score": 82.08598365254755,
    "n_trials": 7,
    "tuning_time": 1156.2603805065155
}