{
    "hp": {
        "alpha": 1.0014512596068073,
        "n_restarts_optimizer": 9.0
    },
    "score": -1.1939601497129892,
    "tuning_n_trials": 518,
    "val_score": 1.1500035669942674,
    "train_time": 0.015779733657836914,
    "evaluation_time": 0.0024652481079101562,
    "metric_used": "rmse"
}