{
    "hp": {
        "alpha": 1.0014512596068073,
        "n_restarts_optimizer": 9.0
    },
    "score": 1.1500035669942674,
    "n_trials": 518,
    "tuning_time": 117.0381088256836
}