{
    "hp": {
        "max_depth": null,
        "max_features": 0.71185164841762,
        "min_samples_leaf": 2,
        "n_estimators": 31
    },
    "score": 1.6618338598333642,
    "n_trials": 419,
    "tuning_time": 1005.2856893539429
}