{
    "hp": {
        "metric": "manhattan",
        "n_neighbors": 20,
        "p": 1,
        "weights": "distance"
    },
    "score": 0.8497109826589595,
    "tuning_n_trials": 93,
    "val_score": 0.8762088974854932,
    "train_time": 0.01806187629699707,
    "evaluation_time": 0.1183779239654541,
    "metric_used": "accuracy"
}