{
    "hp": {
        "activation": "logistic",
        "alpha": 0.000601177425394755,
        "batch_size": 128,
        "early_stopping": true,
        "hidden_layer_sizes": [
            20,
            20
        ],
        "learning_rate": "constant",
        "learning_rate_init": 0.0037081473573792453,
        "momentum": 0.9417656493014553,
        "nesterovs_momentum": false,
        "solver": "adam"
    },
    "score": 0.6570669669183729,
    "tuning_n_trials": 4,
    "val_score": 0.6325415517029985,
    "train_time": 20.468218564987183,
    "evaluation_time": 0.060118675231933594,
    "metric_used": "r2"
}