{
    "hp": {
        "activation": "logistic",
        "alpha": 3.0618605822605756e-05,
        "batch_size": 128,
        "early_stopping": true,
        "hidden_layer_sizes": [
            60,
            60
        ],
        "learning_rate": "constant",
        "learning_rate_init": 0.00041050030167638456,
        "momentum": 0.9886711772699343,
        "nesterovs_momentum": false,
        "solver": "adam"
    },
    "score": 0.6411606361901712,
    "tuning_n_trials": 46,
    "val_score": 0.6507756690850741,
    "train_time": 51.71800708770752,
    "evaluation_time": 0.06046128273010254,
    "metric_used": "r2"
}