{
    "hp": {
        "activation": "logistic",
        "alpha": 0.000601177425394755,
        "batch_size": 128,
        "early_stopping": true,
        "hidden_layer_sizes": [
            20,
            20
        ],
        "learning_rate": "constant",
        "learning_rate_init": 0.0037081473573792453,
        "momentum": 0.9417656493014553,
        "nesterovs_momentum": false,
        "solver": "adam"
    },
    "score": 0.6325415517029985,
    "n_trials": 4,
    "tuning_time": 1080.0206146240234
}