{
    "hp": {
        "alpha": 17.205606025534614,
        "n_restarts_optimizer": 9.0
    },
    "score": -213.6547393205867,
    "tuning_n_trials": 1073,
    "val_score": 351.6035887683261,
    "train_time": 0.026751041412353516,
    "evaluation_time": 0.0025882720947265625,
    "metric_used": "rmse"
}