{
    "hp": {
        "alpha": 17.205606025534614,
        "n_restarts_optimizer": 9.0
    },
    "score": 351.6035887683261,
    "n_trials": 1073,
    "tuning_time": 204.61580348014832
}