{
    "hp": {
        "C": 0.5007879020976802,
        "epsilon": 0.2167896373266451,
        "gamma": "auto",
        "kernel": "rbf"
    },
    "score": 0.6441392493115707,
    "n_trials": 78,
    "tuning_time": 309.5956304073334
}