{
    "hp": {
        "class_weight": "balanced_subsample",
        "max_depth": null,
        "max_features": 0.3184565019983479,
        "min_samples_leaf": 1,
        "n_estimators": 141
    },
    "score": 0.6141936639734729,
    "tuning_n_trials": 268,
    "val_score": 0.5842913860832615,
    "train_time": 0.6135475635528564,
    "evaluation_time": 0.11223149299621582,
    "metric_used": "f1"
}