{
    "hp": {
        "class_weight": "balanced_subsample",
        "max_depth": null,
        "max_features": 0.3184565019983479,
        "min_samples_leaf": 1,
        "n_estimators": 141
    },
    "score": 0.5842913860832615,
    "n_trials": 268,
    "tuning_time": 1000.9139029979706
}