{
    "hp": {
        "alpha": 0.9,
        "criterion": "mse",
        "learning_rate": 0.03567397822434166,
        "loss": "ls",
        "max_depth": 5,
        "max_features": "log2",
        "min_samples_leaf": 1,
        "n_estimators": 675,
        "subsample": 0.8793655978978019
    },
    "score": -0.6208664853565282,
    "tuning_n_trials": 33,
    "val_score": 0.647759038171989,
    "train_time": 1.2775440216064453,
    "evaluation_time": 0.023220539093017578,
    "metric_used": "rmse"
}