{
    "hp": {
        "learning_rate": 0.5388550972627227,
        "max_bins": 297,
        "max_leaves": 9
    },
    "score": 0.7288259795930282,
    "tuning_n_trials": 0,
    "val_score": 0.7336473653537222,
    "train_time": 0.8800349235534668,
    "evaluation_time": 0.0037178993225097656,
    "metric_used": "f1"
}