{
    "hp": {
        "learning_rate": 1.7222304089973726,
        "loss": "square",
        "n_estimators": 395
    },
    "score": -7.540311970932554,
    "tuning_n_trials": 95,
    "val_score": 7.062004642750509,
    "train_time": 0.6467792987823486,
    "evaluation_time": 0.03628945350646973,
    "metric_used": "rmse"
}