{
    "hp": {
        "learning_rate": 1.7222304089973726,
        "loss": "square",
        "n_estimators": 395
    },
    "score": 7.062004642750509,
    "n_trials": 95,
    "tuning_time": 1118.3816237449646
}