{
    "hp": {
        "alpha": 3.407629225928515
    },
    "score": -1.1648420282378946,
    "tuning_n_trials": 259,
    "val_score": 1.3729771648461964,
    "train_time": 0.03748583793640137,
    "evaluation_time": 0.0003936290740966797,
    "metric_used": "rmse"
}