{
    "hp": {
        "alpha": 3.415261443017292
    },
    "score": -1.1648411574831337,
    "tuning_n_trials": 638,
    "val_score": 1.3729771665109072,
    "train_time": 0.017972469329833984,
    "evaluation_time": 0.0002651214599609375,
    "metric_used": "rmse"
}