{
    "hp": {
        "alpha": 3.415261443017292
    },
    "score": 1.3729771665109072,
    "n_trials": 638,
    "tuning_time": 17.860240697860718
}