{
    "hp": {
        "alpha": 3.407629225928515
    },
    "score": 1.3729771648461964,
    "n_trials": 259,
    "tuning_time": 827.3996365070343
}