{
    "hp": {
        "max_depth": null,
        "max_features": 0.23953240539804443,
        "min_samples_leaf": 1,
        "n_estimators": 87
    },
    "score": -2.8131773787042667,
    "tuning_n_trials": 176,
    "val_score": 2.61688556808899,
    "train_time": 0.2706589698791504,
    "evaluation_time": 0.11410403251647949,
    "metric_used": "rmse"
}