{
    "hp": {
        "activation": "relu",
        "alpha": 2.514399603282503e-06,
        "batch_size": 128,
        "early_stopping": true,
        "hidden_layer_sizes": [
            45,
            45
        ],
        "learning_rate": "constant",
        "learning_rate_init": 0.0048826416067718975,
        "momentum": 0.9016321651881708,
        "nesterovs_momentum": false,
        "solver": "adam"
    },
    "score": -8.364848127946399,
    "tuning_n_trials": 756,
    "val_score": 23.827942134332947,
    "train_time": 0.07486605644226074,
    "evaluation_time": 0.0004706382751464844,
    "metric_used": "rmse"
}