{
    "hp": {
        "C": 0.007499378258136021,
        "class_weight": "balanced",
        "kernel": "linear"
    },
    "score": 0.6622348225633005,
    "n_trials": 0,
    "tuning_time": 1145.8461380004883
}