{
    "hp": {
        "C": 0.07943194863182812,
        "class_weight": "balanced",
        "kernel": "linear"
    },
    "score": 0.6644081111602101,
    "n_trials": 3,
    "tuning_time": 1000.0019216537476
}