{
    "hp": {
        "algorithm": "SAMME",
        "learning_rate": 0.519325750962413,
        "n_estimators": 213
    },
    "score": 0.45825089038385436,
    "tuning_n_trials": 222,
    "val_score": 0.46712437285450226,
    "train_time": 8.361310243606567,
    "evaluation_time": 0.13570356369018555,
    "metric_used": "f1"
}