{
    "hp": {
        "algorithm": "SAMME.R",
        "learning_rate": 0.13099585750383097,
        "n_estimators": 401
    },
    "score": 0.4493475043723934,
    "n_trials": 5,
    "tuning_time": 1000.0267744064331
}