{
    "hp": {
        "alpha": 149.91545986957487
    },
    "score": 0.1398198823339599,
    "n_trials": 168,
    "tuning_time": 31.520901918411255
}