{
    "hp": {
        "criterion": "friedman_mse",
        "max_depth": null,
        "max_features": 0.29826163136513073,
        "min_samples_leaf": 1,
        "min_samples_split": 3,
        "splitter": "random"
    },
    "score": -98.10526451003098,
    "tuning_n_trials": 0,
    "val_score": 77.33675242569336,
    "train_time": 0.45026087760925293,
    "evaluation_time": 0.025972604751586914,
    "metric_used": "rmse"
}