{
    "hp": {
        "C": 0.4847664474093275,
        "epsilon": 9.346000075310325,
        "kernel": "linear"
    },
    "score": 13.17842416172761,
    "n_trials": 425,
    "tuning_time": 1028.090404510498
}