{
    "hp": {
        "C": 0.3094425127277822,
        "coef0": 0.799271054407795,
        "degree": 3.0,
        "epsilon": 0.013530571770315084,
        "gamma": 0.0019783584539276866,
        "kernel": "poly"
    },
    "score": -0.12756452977886681,
    "tuning_n_trials": 54,
    "val_score": 0.13813976805175496,
    "train_time": 24.513795375823975,
    "evaluation_time": 0.0830535888671875,
    "metric_used": "rmse"
}