{
    "hp": {
        "C": 2.032929109142468e-05,
        "coef0": 5.046886608108386,
        "degree": 5.0,
        "epsilon": 0.023428409322651302,
        "gamma": "scale",
        "kernel": "poly"
    },
    "score": 0.1385042786682187,
    "n_trials": 57,
    "tuning_time": 1001.4717698097229
}