{
    "hp": {
        "C": 0.3094425127277822,
        "coef0": 0.799271054407795,
        "degree": 3.0,
        "epsilon": 0.013530571770315084,
        "gamma": 0.0019783584539276866,
        "kernel": "poly"
    },
    "score": 0.13813976805175496,
    "n_trials": 54,
    "tuning_time": 1025.484253168106
}