{
    "hp": {
        "learning_rate": 0.01645818802951262,
        "loss": "exponential",
        "n_estimators": 80
    },
    "score": 270.1811888522336,
    "n_trials": 3,
    "tuning_time": 1080.2772455215454
}