{
    "hp": {
        "alpha": 999.9419895201652,
        "n_restarts_optimizer": 6.0
    },
    "score": -7.879257862683667,
    "tuning_n_trials": 216,
    "val_score": 24.01801556062672,
    "train_time": 0.03421497344970703,
    "evaluation_time": 0.03556942939758301,
    "metric_used": "rmse"
}