{
    "hp": {
        "alpha": 999.9419895201652,
        "n_restarts_optimizer": 6.0
    },
    "score": 24.01801556062672,
    "n_trials": 216,
    "tuning_time": 788.2113254070282
}