{
    "hp": {
        "alpha": 999.9234663142341,
        "n_restarts_optimizer": 2.0
    },
    "score": 24.018015561636023,
    "n_trials": 71,
    "tuning_time": 54.87043356895447
}