{
    "hp": {
        "alpha": 0.9088088765701373,
        "criterion": "friedman_mse",
        "learning_rate": 0.6489346941640924,
        "loss": "huber",
        "max_depth": 3,
        "max_features": 0.12424189992904813,
        "min_samples_leaf": 50,
        "n_estimators": 788,
        "subsample": 0.7205062416893133
    },
    "score": -207.60462400078475,
    "tuning_n_trials": 483,
    "val_score": 347.5798559797094,
    "train_time": 0.840233564376831,
    "evaluation_time": 0.0016949176788330078,
    "metric_used": "rmse"
}