{
    "hp": {
        "alpha": 10.242918549937837
    },
    "score": 284.302673522107,
    "n_trials": 420,
    "tuning_time": 335.5981273651123
}