{
    "hp": {
        "activation": "relu",
        "alpha": 5.462817925460666e-05,
        "batch_size": 128,
        "early_stopping": true,
        "hidden_layer_sizes": [
            45
        ],
        "learning_rate": "adaptive",
        "learning_rate_init": 0.05054164103104556,
        "momentum": 0.9864721276161392,
        "nesterovs_momentum": true,
        "solver": "adam"
    },
    "score": 413.99744095832597,
    "n_trials": 66,
    "tuning_time": 1059.9049944877625
}