{
    "hp": {
        "alpha": 0.9,
        "criterion": "mse",
        "learning_rate": 0.046915348757741344,
        "loss": "ls",
        "max_depth": 4,
        "max_features": 0.025751026235199655,
        "min_samples_leaf": 1,
        "n_estimators": 32,
        "subsample": 1.0
    },
    "score": -234.18198629365122,
    "tuning_n_trials": 885,
    "val_score": 414.18571032183837,
    "train_time": 0.03568291664123535,
    "evaluation_time": 0.00048613548278808594,
    "metric_used": "rmse"
}