{
    "hp": {
        "alpha": 0.9,
        "criterion": "mse",
        "learning_rate": 0.046915348757741344,
        "loss": "ls",
        "max_depth": 4,
        "max_features": 0.025751026235199655,
        "min_samples_leaf": 1,
        "n_estimators": 32,
        "subsample": 1.0
    },
    "score": 414.18571032183837,
    "n_trials": 885,
    "tuning_time": 914.2325339317322
}