{
    "hp": {
        "learning_rate": 2.061033365414738,
        "loss": "square",
        "n_estimators": 364
    },
    "score": -89.63799970330984,
    "tuning_n_trials": 151,
    "val_score": 94.33040074578948,
    "train_time": 4.608397006988525,
    "evaluation_time": 0.2065284252166748,
    "metric_used": "rmse"
}