{
    "hp": {
        "learning_rate": 2.061033365414738,
        "loss": "square",
        "n_estimators": 364
    },
    "score": 94.33040074578948,
    "n_trials": 151,
    "tuning_time": 1056.435420036316
}