{
    "hp": {
        "activation": "logistic",
        "alpha": 0.003598049624425716,
        "batch_size": 128,
        "early_stopping": true,
        "hidden_layer_sizes": [
            95
        ],
        "learning_rate": "invscaling",
        "learning_rate_init": 0.0007828848464663138,
        "momentum": 0.974804388473766,
        "nesterovs_momentum": true,
        "solver": "adam"
    },
    "score": -21.65021069057919,
    "tuning_n_trials": 53,
    "val_score": 12.919454814514618,
    "train_time": 1.2679126262664795,
    "evaluation_time": 0.002043008804321289,
    "metric_used": "rmse"
}