{
    "hp": {
        "activation": "logistic",
        "alpha": 0.003598049624425716,
        "batch_size": 128,
        "early_stopping": true,
        "hidden_layer_sizes": [
            95
        ],
        "learning_rate": "invscaling",
        "learning_rate_init": 0.0007828848464663138,
        "momentum": 0.974804388473766,
        "nesterovs_momentum": true,
        "solver": "adam"
    },
    "score": 12.919454814514618,
    "n_trials": 53,
    "tuning_time": 1136.935627937317
}