{
    "hp": {
        "alpha": 0.9,
        "criterion": "mse",
        "learning_rate": 0.049120609800512735,
        "loss": "lad",
        "max_depth": 3,
        "max_features": "log2",
        "min_samples_leaf": 41,
        "n_estimators": 737,
        "subsample": 0.8638628715886625
    },
    "score": 0.6374942590374695,
    "tuning_n_trials": 1,
    "val_score": 0.6270214424151062,
    "train_time": 6.8938751220703125,
    "evaluation_time": 0.3112776279449463,
    "metric_used": "r2"
}