{
    "hp": {
        "alpha": 0.9,
        "criterion": "mse",
        "learning_rate": 0.049120609800512735,
        "loss": "lad",
        "max_depth": 3,
        "max_features": "log2",
        "min_samples_leaf": 41,
        "n_estimators": 737,
        "subsample": 0.8638628715886625
    },
    "score": 0.6270214424151062,
    "n_trials": 1,
    "tuning_time": 1085.442326784134
}