{
    "hp": {
        "C": 23.193178875450787,
        "class_weight": null,
        "kernel": "linear"
    },
    "score": 0.7520278099652375,
    "n_trials": 116,
    "tuning_time": 1101.8023371696472
}