{
    "hp": {
        "activation": "relu",
        "alpha": 0.00658570111619953,
        "batch_size": 128,
        "early_stopping": true,
        "hidden_layer_sizes": [
            100,
            100
        ],
        "learning_rate": "invscaling",
        "learning_rate_init": 0.030563044707349198,
        "momentum": 0.945828530502179,
        "nesterovs_momentum": true,
        "solver": "adam"
    },
    "score": 0.7233419152032434,
    "tuning_n_trials": 66,
    "val_score": 0.7792903316417481,
    "train_time": 0.7238519191741943,
    "evaluation_time": 0.0025959014892578125,
    "metric_used": "f1"
}