{
    "hp": {
        "activation": "relu",
        "alpha": 7.697083393683953e-07,
        "batch_size": 128,
        "early_stopping": true,
        "hidden_layer_sizes": [
            95,
            95
        ],
        "learning_rate": "constant",
        "learning_rate_init": 0.0016052031543502745,
        "momentum": 0.8816553830783465,
        "nesterovs_momentum": true,
        "solver": "adam"
    },
    "score": 0.7843428211497633,
    "n_trials": 266,
    "tuning_time": 1032.395093679428
}