{
    "hp": {
        "C": 1085.919359087453,
        "epsilon": 4.448807078967846,
        "gamma": "auto",
        "kernel": "rbf"
    },
    "score": -5.729852465358546,
    "tuning_n_trials": 155,
    "val_score": 5.875582206418293,
    "train_time": 0.13067221641540527,
    "evaluation_time": 0.0034742355346679688,
    "metric_used": "rmse"
}