{
    "hp": {
        "C": 1085.919359087453,
        "epsilon": 4.448807078967846,
        "gamma": "auto",
        "kernel": "rbf"
    },
    "score": 5.875582206418293,
    "n_trials": 155,
    "tuning_time": 1013.8412413597107
}