{
    "hp": {
        "C": 941.1492410375265,
        "epsilon": 4.910699704693209,
        "gamma": "auto",
        "kernel": "rbf"
    },
    "score": 5.819512710919228,
    "n_trials": 133,
    "tuning_time": 1020.8758504390717
}