{
    "hp": {
        "interactions": 0,
        "learning_rate": 0.0004512619487621623,
        "max_bins": 378,
        "max_leaves": 35
    },
    "score": -2.7864241975742687,
    "tuning_n_trials": 5,
    "val_score": 2.74712371265588,
    "train_time": 4.417565584182739,
    "evaluation_time": 0.0049440860748291016,
    "metric_used": "rmse"
}