{
    "hp": {
        "interactions": 0,
        "learning_rate": 0.0004512619487621623,
        "max_bins": 378,
        "max_leaves": 35
    },
    "score": 2.74712371265588,
    "n_trials": 5,
    "tuning_time": 160.63486242294312
}