{
    "hp": {
        "interactions": 0,
        "learning_rate": 0.5388550972627227,
        "max_bins": 297,
        "max_leaves": 9
    },
    "score": -2.4689412055233935,
    "tuning_n_trials": 0,
    "val_score": 2.2153734642550424,
    "train_time": 0.5324923992156982,
    "evaluation_time": 0.0035219192504882812,
    "metric_used": "rmse"
}