{
    "hp": {
        "interactions": 0,
        "learning_rate": 0.5388550972627227,
        "max_bins": 297,
        "max_leaves": 9
    },
    "score": 2.2153734642550424,
    "n_trials": 0,
    "tuning_time": 155.1315405368805
}