{
    "hp": {
        "learning_rate": 0.09228497044562657,
        "max_bins": 330,
        "max_leaves": 2
    },
    "score": 0.8820116054158608,
    "n_trials": 9,
    "tuning_time": 132.28976464271545
}