{
    "hp": {
        "activation": "selu",
        "batch_size": 128,
        "lr": 0.00018290521238948702,
        "momentum": 0.9464803773782116,
        "n_layers": 4,
        "n_neuron_per_layer": 33,
        "p_dropout": 0.22735052611068607,
        "weight_decay": 0.0003017566236280168
    },
    "score": 0.6009033042244305,
    "tuning_n_trials": 0,
    "val_score": 0.5677416726279284,
    "train_time": 27.83606719970703,
    "evaluation_time": 0.40398693084716797,
    "metric_used": "r2"
}