{
    "hp": {
        "activation": "selu",
        "batch_size": 128,
        "lr": 0.00018290521238948702,
        "momentum": 0.9464803773782116,
        "n_layers": 4,
        "n_neuron_per_layer": 33,
        "p_dropout": 0.22735052611068607,
        "weight_decay": 0.0003017566236280168
    },
    "score": 0.5677416726279284,
    "n_trials": 0,
    "tuning_time": 1080.0060172080994
}