{
    "hp": {
        "C": 0.0010934910476886456,
        "class_weight": null,
        "kernel": "linear"
    },
    "score": 0.815028901734104,
    "tuning_n_trials": 221,
    "val_score": 0.8820116054158608,
    "train_time": 0.028115272521972656,
    "evaluation_time": 0.0030989646911621094,
    "metric_used": "accuracy"
}