{
    "hp": {
        "C": 0.000886986106577932,
        "class_weight": "balanced",
        "kernel": "linear"
    },
    "score": 0.8839458413926499,
    "n_trials": 3008,
    "tuning_time": 308.6174771785736
}