{
    "hp": {
        "activation": "tanh",
        "alpha": 4.8961230339721385e-06,
        "batch_size": 128,
        "early_stopping": true,
        "hidden_layer_sizes": [
            90
        ],
        "learning_rate": "adaptive",
        "learning_rate_init": 0.014222272060842055,
        "momentum": 0.9893090595154723,
        "nesterovs_momentum": true,
        "solver": "sgd"
    },
    "score": 0.746234067207416,
    "n_trials": 281,
    "tuning_time": 1018.9588513374329
}