{
    "hp": {
        "activation": "logistic",
        "alpha": 0.0020867693189521,
        "batch_size": 128,
        "early_stopping": true,
        "hidden_layer_sizes": [
            25
        ],
        "learning_rate": "adaptive",
        "learning_rate_init": 0.0033658204034124907,
        "momentum": 0.9125368533579754,
        "nesterovs_momentum": true,
        "solver": "adam"
    },
    "score": -21.923736881807866,
    "tuning_n_trials": 319,
    "val_score": 12.904224440630122,
    "train_time": 0.1907041072845459,
    "evaluation_time": 0.00049591064453125,
    "metric_used": "rmse"
}