{
    "hp": {
        "class_weight": null,
        "max_depth": null,
        "max_features": 0.7925933155624371,
        "min_samples_leaf": 3,
        "min_samples_split": 10,
        "splitter": "random"
    },
    "score": 0.3542090321488833,
    "tuning_n_trials": 268,
    "val_score": 0.49930055827134207,
    "train_time": 0.005103111267089844,
    "evaluation_time": 0.0010411739349365234,
    "metric_used": "f1"
}