{
    "hp": {
        "activation": "logistic",
        "alpha": 0.00014128323874782584,
        "batch_size": 128,
        "early_stopping": true,
        "hidden_layer_sizes": [
            100
        ],
        "learning_rate": "adaptive",
        "learning_rate_init": 0.02206865034226078,
        "momentum": 0.8880225587298993,
        "nesterovs_momentum": true,
        "solver": "sgd"
    },
    "score": 2.0242908134144604,
    "n_trials": 357,
    "tuning_time": 1012.500253200531
}