{
    "hp": {
        "max_depth": 13,
        "max_features": 0.539962692490382,
        "min_samples_leaf": 25,
        "n_estimators": 219
    },
    "score": -21.859286191561274,
    "tuning_n_trials": 566,
    "val_score": 13.35831499065109,
    "train_time": 0.5372540950775146,
    "evaluation_time": 0.1437995433807373,
    "metric_used": "rmse"
}