{
    "hp": {
        "max_depth": null,
        "max_features": 0.2949719530559602,
        "min_samples_leaf": 15,
        "n_estimators": 68
    },
    "score": -21.799619787277773,
    "tuning_n_trials": 90,
    "val_score": 13.376411506042661,
    "train_time": 0.25339341163635254,
    "evaluation_time": 0.11465096473693848,
    "metric_used": "rmse"
}