{
    "hp": {
        "learning_rate": 0.05499932990152778,
        "loss": "exponential",
        "n_estimators": 15
    },
    "score": 413.96370157580355,
    "n_trials": 640,
    "tuning_time": 1020.2922461032867
}