{
    "hp": {
        "alpha": 999.9934542151691
    },
    "score": 350.6701412599903,
    "n_trials": 80,
    "tuning_time": 7.009641647338867
}