{
    "hp": {
        "criterion": "mse",
        "learning_rate": 0.06895409152601419,
        "max_depth": 4,
        "max_features": 0.3810110261664327,
        "min_samples_leaf": 18,
        "n_estimators": 611,
        "subsample": 1.0
    },
    "score": 0.8145699631892029,
    "n_trials": 30,
    "tuning_time": 1000.0074164867401
}