{
    "hp": {
        "learning_rate": 0.07099648187027251,
        "loss": "exponential",
        "n_estimators": 22
    },
    "score": -22.052309881223824,
    "tuning_n_trials": 339,
    "val_score": 46.79359039176095,
    "train_time": 0.05966973304748535,
    "evaluation_time": 0.002042531967163086,
    "metric_used": "rmse"
}