{
    "hp": {
        "learning_rate": 0.00416483903347084,
        "loss": "square",
        "n_estimators": 72
    },
    "score": 46.765233076160555,
    "n_trials": 787,
    "tuning_time": 1001.2466447353363
}