{
    "hp": {
        "learning_rate": 0.07099648187027251,
        "loss": "exponential",
        "n_estimators": 22
    },
    "score": 46.79359039176095,
    "n_trials": 339,
    "tuning_time": 1023.1639559268951
}