{
    "hp": {
        "interactions": 0,
        "learning_rate": 0.0001888884328865865,
        "max_bins": 336,
        "max_leaves": 11
    },
    "score": -21.981017674354494,
    "tuning_n_trials": 0,
    "val_score": 13.821280626423597,
    "train_time": 5.958726406097412,
    "evaluation_time": 0.002105712890625,
    "metric_used": "rmse"
}