{
    "hp": {
        "interactions": 0,
        "learning_rate": 0.0001888884328865865,
        "max_bins": 336,
        "max_leaves": 11
    },
    "score": 13.821280626423597,
    "n_trials": 0,
    "tuning_time": 122.086008310318
}