{
    "hp": {
        "learning_rate": 0.06531673824035784,
        "loss": "square",
        "n_estimators": 12
    },
    "score": -218.89619809469627,
    "tuning_n_trials": 1105,
    "val_score": 348.37250385693,
    "train_time": 0.05857229232788086,
    "evaluation_time": 0.0012249946594238281,
    "metric_used": "rmse"
}