{
    "hp": {
        "learning_rate": 0.035524695378061064,
        "loss": "square",
        "n_estimators": 44
    },
    "score": -258.4566604848659,
    "tuning_n_trials": 665,
    "val_score": 349.0405291389781,
    "train_time": 0.08965802192687988,
    "evaluation_time": 0.004002094268798828,
    "metric_used": "rmse"
}