{
    "hp": {
        "learning_rate": 0.06531673824035784,
        "loss": "square",
        "n_estimators": 12
    },
    "score": 348.37250385693,
    "n_trials": 1105,
    "tuning_time": 835.6167538166046
}