{
    "hp": {
        "C": 395.5560151032705,
        "class_weight": null,
        "l1_ratio": 0.41010395885331374,
        "multi_class": "multinomial",
        "penalty": "elasticnet"
    },
    "score": 0.6630731536576829,
    "n_trials": 1,
    "tuning_time": 1001.436146736145
}