{
    "hp": {
        "alpha": 62.002028549276986
    },
    "score": 0.6624529427340186,
    "n_trials": 238,
    "tuning_time": 16.456031322479248
}