{
    "hp": {
        "activation": "tanh",
        "alpha": 0.001412534024828853,
        "batch_size": 128,
        "early_stopping": true,
        "hidden_layer_sizes": [
            25,
            25
        ],
        "learning_rate": "invscaling",
        "learning_rate_init": 0.000613152087363012,
        "momentum": 0.9792139301245647,
        "nesterovs_momentum": true,
        "solver": "adam"
    },
    "score": 0.3939393939393939,
    "n_trials": 30,
    "tuning_time": 307.4678509235382
}