{
    "hp": {
        "interactions": 0,
        "learning_rate": 0.0004512619487621623,
        "max_bins": 378,
        "max_leaves": 35
    },
    "score": -4.300211203636803,
    "tuning_n_trials": 5,
    "val_score": 4.247563682473955,
    "train_time": 11.118155479431152,
    "evaluation_time": 0.003546476364135742,
    "metric_used": "rmse"
}