{
    "hp": {
        "alpha": 0.9452135070539092,
        "criterion": "friedman_mse",
        "learning_rate": 0.02060933093855439,
        "loss": "huber",
        "max_depth": 5,
        "max_features": "log2",
        "min_samples_leaf": 2,
        "n_estimators": 307,
        "subsample": 0.9216351991669351
    },
    "score": -0.1278610347128263,
    "tuning_n_trials": 34,
    "val_score": 0.13508524559399687,
    "train_time": 28.965171813964844,
    "evaluation_time": 0.006094932556152344,
    "metric_used": "rmse"
}