{
    "hp": {
        "activation": "leaky_relu",
        "batch_size": 128,
        "class_weight": "balanced",
        "lr": 0.005270441591977422,
        "momentum": 0.8982207506563157,
        "n_layers": 4,
        "n_neuron_per_layer": 24,
        "p_dropout": 0.3209257522358024,
        "weight_decay": 9.157749211726864e-06
    },
    "score": 0.95,
    "tuning_n_trials": 150,
    "val_score": 0.9675675675675676,
    "train_time": 48.92927551269531,
    "evaluation_time": 0.2574307918548584,
    "metric_used": "f1"
}