{
    "hp": {
        "activation": "selu",
        "batch_size": 128,
        "lr": 0.006180696697980825,
        "momentum": 0.9426685042496326,
        "n_layers": 2,
        "n_neuron_per_layer": 45,
        "p_dropout": 0.4930946335979381,
        "weight_decay": 1.2069681699963427e-06
    },
    "score": -3.8175465687007955,
    "tuning_n_trials": 20,
    "val_score": 2.813494031326706,
    "train_time": 6.360489845275879,
    "evaluation_time": 0.2642252445220947,
    "metric_used": "rmse"
}