{
    "hp": {
        "activation": "selu",
        "batch_size": 128,
        "lr": 0.006180696697980825,
        "momentum": 0.9426685042496326,
        "n_layers": 2,
        "n_neuron_per_layer": 45,
        "p_dropout": 0.4930946335979381,
        "weight_decay": 1.2069681699963427e-06
    },
    "score": 2.813494031326706,
    "n_trials": 20,
    "tuning_time": 1080.0051481723785
}