{
    "hp": {
        "max_depth": null,
        "max_features": "log2",
        "min_samples_leaf": 15,
        "n_estimators": 13
    },
    "score": -8.101452630918358,
    "tuning_n_trials": 487,
    "val_score": 23.926187774211442,
    "train_time": 0.1458268165588379,
    "evaluation_time": 0.10505342483520508,
    "metric_used": "rmse"
}