{
    "hp": {
        "max_depth": null,
        "max_features": 0.14895979454038905,
        "min_samples_leaf": 34,
        "n_estimators": 237
    },
    "score": 23.992546241063838,
    "n_trials": 152,
    "tuning_time": 1016.4412128925323
}