{
    "hp": {
        "max_depth": null,
        "max_features": "log2",
        "min_samples_leaf": 15,
        "n_estimators": 13
    },
    "score": 23.926187774211442,
    "n_trials": 487,
    "tuning_time": 1017.7036259174347
}