{
    "hp": {
        "algorithm": "SAMME",
        "learning_rate": 1.949332259904817,
        "n_estimators": 21
    },
    "score": 0.0,
    "tuning_n_trials": 740,
    "val_score": 0.2391304347826087,
    "train_time": 0.08946394920349121,
    "evaluation_time": 0.004941463470458984,
    "metric_used": "f1"
}