{
    "hp": {
        "algorithm": "SAMME",
        "learning_rate": 1.949332259904817,
        "n_estimators": 21
    },
    "score": 0.2391304347826087,
    "n_trials": 740,
    "tuning_time": 1023.8281526565552
}