{
    "hp": {
        "criterion": "friedman_mse",
        "learning_rate": 0.06711500781301538,
        "max_depth": 2,
        "max_features": null,
        "min_samples_leaf": 1,
        "n_estimators": 308,
        "subsample": 0.9089150098318757
    },
    "score": 0.4723735408560311,
    "tuning_n_trials": 10,
    "val_score": 0.48139474368982565,
    "train_time": 6.789097785949707,
    "evaluation_time": 0.030788421630859375,
    "metric_used": "f1"
}