{
    "hp": {
        "criterion": "friedman_mse",
        "learning_rate": 0.07507497522636436,
        "max_depth": 3,
        "max_features": null,
        "min_samples_leaf": 1,
        "n_estimators": 193,
        "subsample": 0.6436344023530572
    },
    "score": 0.4704968944099379,
    "tuning_n_trials": 30,
    "val_score": 0.4845440494590417,
    "train_time": 5.948694705963135,
    "evaluation_time": 0.027109861373901367,
    "metric_used": "f1"
}