{
    "hp": {
        "activation": "relu",
        "alpha": 0.009838433337615188,
        "batch_size": 128,
        "early_stopping": true,
        "hidden_layer_sizes": [
            55,
            55,
            55
        ],
        "learning_rate": "invscaling",
        "learning_rate_init": 0.02398547497433071,
        "momentum": 0.9543913225896601,
        "nesterovs_momentum": false,
        "solver": "adam"
    },
    "score": -41.164343949625206,
    "tuning_n_trials": 26,
    "val_score": 43.68557902880451,
    "train_time": 8.642845153808594,
    "evaluation_time": 0.008482217788696289,
    "metric_used": "rmse"
}