{
    "hp": {
        "alpha": 0.4004551151621286,
        "n_restarts_optimizer": 8.0
    },
    "score": -0.6563286921024029,
    "tuning_n_trials": 257,
    "val_score": 0.6832712521700178,
    "train_time": 1.4153425693511963,
    "evaluation_time": 0.1922924518585205,
    "metric_used": "rmse"
}