{
    "hp": {
        "alpha": 0.4004551151621286,
        "n_restarts_optimizer": 8.0
    },
    "score": 0.6832712521700178,
    "n_trials": 257,
    "tuning_time": 1019.7487733364105
}