{
    "hp": {
        "alpha": 0.40121583112777565,
        "n_restarts_optimizer": 9.0
    },
    "score": 0.6832713590445454,
    "n_trials": 69,
    "tuning_time": 1104.0189146995544
}