{
    "hp": {
        "criterion": "friedman_mse",
        "learning_rate": 0.1539381787444255,
        "max_depth": 5,
        "max_features": "log2",
        "min_samples_leaf": 6,
        "n_estimators": 429,
        "subsample": 0.7302548279213273
    },
    "score": 0.9243697478991597,
    "tuning_n_trials": 67,
    "val_score": 0.9701897018970189,
    "train_time": 0.32807469367980957,
    "evaluation_time": 0.0019030570983886719,
    "metric_used": "f1"
}