{
    "hp": {
        "criterion": "friedman_mse",
        "learning_rate": 0.1539381787444255,
        "max_depth": 5,
        "max_features": "log2",
        "min_samples_leaf": 6,
        "n_estimators": 429,
        "subsample": 0.7302548279213273
    },
    "score": 0.9701897018970189,
    "n_trials": 67,
    "tuning_time": 388.03107810020447
}