{
    "hp": {
        "alpha": 880.3332612572941
    },
    "score": 47.144751714287295,
    "n_trials": 22,
    "tuning_time": 6.472649812698364
}