{
    "hp": {
        "C": 5.219882692183655,
        "epsilon": 0.5776483515987857,
        "kernel": "linear"
    },
    "score": -1.0782821650412528,
    "tuning_n_trials": 28,
    "val_score": 1.340768971149591,
    "train_time": 0.8628635406494141,
    "evaluation_time": 0.0022602081298828125,
    "metric_used": "rmse"
}