{
    "hp": {
        "C": 2.4979771181154824,
        "epsilon": 0.4263852260320428,
        "kernel": "linear"
    },
    "score": -1.0695847099390803,
    "tuning_n_trials": 294,
    "val_score": 1.3391320268996032,
    "train_time": 0.5227046012878418,
    "evaluation_time": 0.003548145294189453,
    "metric_used": "rmse"
}