{
    "hp": {
        "C": 2.4979771181154824,
        "epsilon": 0.4263852260320428,
        "kernel": "linear"
    },
    "score": 1.3391320268996032,
    "n_trials": 294,
    "tuning_time": 1003.7841370105743
}