{
    "hp": {
        "C": 5.219882692183655,
        "epsilon": 0.5776483515987857,
        "kernel": "linear"
    },
    "score": 1.340768971149591,
    "n_trials": 28,
    "tuning_time": 1024.3880302906036
}