{
    "hp": {
        "learning_rate": 0.006685847850399977,
        "loss": "exponential",
        "n_estimators": 391
    },
    "score": -21.593343493244912,
    "tuning_n_trials": 75,
    "val_score": 13.568023082552084,
    "train_time": 2.5620100498199463,
    "evaluation_time": 0.037544965744018555,
    "metric_used": "rmse"
}