{
    "hp": {
        "learning_rate": 0.0065922894453965975,
        "loss": "exponential",
        "n_estimators": 296
    },
    "score": -1.2144842705441465,
    "tuning_n_trials": 102,
    "val_score": 1.3250597179815689,
    "train_time": 0.7003684043884277,
    "evaluation_time": 0.02867579460144043,
    "metric_used": "rmse"
}