{
    "hp": {
        "learning_rate": 0.0063135625147248435,
        "loss": "linear",
        "n_estimators": 119
    },
    "score": -1.2004482011687994,
    "tuning_n_trials": 168,
    "val_score": 1.3248882084519111,
    "train_time": 0.2736389636993408,
    "evaluation_time": 0.011919260025024414,
    "metric_used": "rmse"
}