{
    "hp": {
        "learning_rate": 0.0063135625147248435,
        "loss": "linear",
        "n_estimators": 119
    },
    "score": 1.3248882084519111,
    "n_trials": 168,
    "tuning_time": 1003.7261762619019
}