{
    "hp": {
        "alpha": 0.04645010213211162,
        "n_restarts_optimizer": 0.0
    },
    "score": 6.307886071734405,
    "n_trials": 85,
    "tuning_time": 1001.3549771308899
}