{
    "hp": {
        "alpha": 0.046425524394975125,
        "n_restarts_optimizer": 5.0
    },
    "score": 6.307886437289728,
    "n_trials": 368,
    "tuning_time": 231.8660969734192
}