{
    "hp": {
        "activation": "logistic",
        "alpha": 0.0001058977997817948,
        "batch_size": 128,
        "early_stopping": true,
        "hidden_layer_sizes": [
            15
        ],
        "learning_rate": "constant",
        "learning_rate_init": 0.046234669167410224,
        "momentum": 0.9816059045196225,
        "nesterovs_momentum": true,
        "solver": "sgd"
    },
    "score": 0.5995423340961098,
    "n_trials": 844,
    "tuning_time": 1007.3685734272003
}