{
    "hp": {
        "alpha": 0.06975076631426702,
        "n_restarts_optimizer": 9.0
    },
    "score": -76.8994740157626,
    "tuning_n_trials": 12,
    "val_score": 79.80465968924987,
    "train_time": 24.993491649627686,
    "evaluation_time": 2.32493257522583,
    "metric_used": "rmse"
}