{
    "hp": {
        "criterion": "friedman_mse",
        "learning_rate": 0.005421047944502439,
        "max_depth": 5,
        "max_features": 0.09958173698856346,
        "min_samples_leaf": 6,
        "n_estimators": 605,
        "subsample": 0.7113497414404362
    },
    "score": 0.8497109826589595,
    "tuning_n_trials": 204,
    "val_score": 0.8897485493230174,
    "train_time": 0.7902317047119141,
    "evaluation_time": 0.005125284194946289,
    "metric_used": "accuracy"
}