{
    "hp": {
        "criterion": "mae",
        "learning_rate": 0.0430022314351977,
        "max_depth": 4,
        "max_features": 0.1002277815938323,
        "min_samples_leaf": 8,
        "n_estimators": 113,
        "subsample": 1.0
    },
    "score": 0.8936170212765957,
    "n_trials": 257,
    "tuning_time": 939.4631621837616
}