{
    "hp": {
        "interactions": 0,
        "learning_rate": 0.5388550972627227,
        "max_bins": 297,
        "max_leaves": 9
    },
    "score": -98.43577547128588,
    "tuning_n_trials": 0,
    "val_score": 100.61699349617119,
    "train_time": 5.3883984088897705,
    "evaluation_time": 0.02099013328552246,
    "metric_used": "rmse"
}