{
    "hp": {
        "interactions": 0,
        "learning_rate": 0.5388550972627227,
        "max_bins": 297,
        "max_leaves": 9
    },
    "score": 100.61699349617119,
    "n_trials": 0,
    "tuning_time": 121.07637357711792
}