{
    "hp": {
        "C": 5913.581247652299,
        "epsilon": 17.47807528115614,
        "gamma": 0.0014625608561724508,
        "kernel": "rbf"
    },
    "score": -21.807497556045337,
    "tuning_n_trials": 1132,
    "val_score": 46.60403858647698,
    "train_time": 0.03162097930908203,
    "evaluation_time": 0.0008718967437744141,
    "metric_used": "rmse"
}