{
    "hp": {
        "C": 5913.581247652299,
        "epsilon": 17.47807528115614,
        "gamma": 0.0014625608561724508,
        "kernel": "rbf"
    },
    "score": 46.60403858647698,
    "n_trials": 1132,
    "tuning_time": 1010.7804489135742
}