{
    "hp": {
        "alpha": 999.9934542151691
    },
    "score": -230.60233046986508,
    "tuning_n_trials": 80,
    "val_score": 415.84981668881915,
    "train_time": 0.016896724700927734,
    "evaluation_time": 0.0002472400665283203,
    "metric_used": "rmse"
}