{
    "hp": {
        "alpha": 999.9934542151691
    },
    "score": 415.84981668881915,
    "n_trials": 80,
    "tuning_time": 6.930485725402832
}