{
    "hp": {
        "alpha": 86.15792812582316
    },
    "score": -126.53391260651075,
    "tuning_n_trials": 482,
    "val_score": 128.0720999379969,
    "train_time": 0.031485795974731445,
    "evaluation_time": 0.0007879734039306641,
    "metric_used": "rmse"
}