{
    "hp": {
        "alpha": 86.15792812582316
    },
    "score": 128.0720999379969,
    "n_trials": 482,
    "tuning_time": 58.927310943603516
}