{
    "hp": {
        "interactions": 0,
        "learning_rate": 0.9294721628324222,
        "max_bins": 261,
        "max_leaves": 9
    },
    "score": 46.750748648873504,
    "n_trials": 28,
    "tuning_time": 136.5679292678833
}