{
    "hp": {
        "C": 162.28620783858676,
        "epsilon": 99.86641256047581,
        "gamma": "scale",
        "kernel": "rbf"
    },
    "score": 415.68080842892783,
    "n_trials": 410,
    "tuning_time": 745.6670806407928
}