{
    "hp": {
        "C": 1.9010343740655202,
        "epsilon": 8.002639287925392,
        "kernel": "linear"
    },
    "score": -7.699500348521738,
    "tuning_n_trials": 416,
    "val_score": 23.892645248364904,
    "train_time": 0.027167320251464844,
    "evaluation_time": 0.0004622936248779297,
    "metric_used": "rmse"
}