{
    "hp": {
        "C": 1.9010343740655202,
        "epsilon": 8.002639287925392,
        "kernel": "linear"
    },
    "score": 23.892645248364904,
    "n_trials": 416,
    "tuning_time": 1094.2161130905151
}