{
    "hp": {
        "activation": "tanh",
        "alpha": 0.00022978388096359955,
        "batch_size": 128,
        "early_stopping": true,
        "hidden_layer_sizes": [
            25,
            25
        ],
        "learning_rate": "invscaling",
        "learning_rate_init": 0.0005413247481033956,
        "momentum": 0.9899948578916415,
        "nesterovs_momentum": true,
        "solver": "adam"
    },
    "score": 0.30434782608695654,
    "tuning_n_trials": 30,
    "val_score": 0.3851851851851852,
    "train_time": 0.08611297607421875,
    "evaluation_time": 0.0009200572967529297,
    "metric_used": "f1"
}