{
    "hp": {
        "activation": "tanh",
        "alpha": 0.00022978388096359955,
        "batch_size": 128,
        "early_stopping": true,
        "hidden_layer_sizes": [
            25,
            25
        ],
        "learning_rate": "invscaling",
        "learning_rate_init": 0.0005413247481033956,
        "momentum": 0.9899948578916415,
        "nesterovs_momentum": true,
        "solver": "adam"
    },
    "score": 0.3851851851851852,
    "n_trials": 30,
    "tuning_time": 395.24202013015747
}