{
    "hp": {
        "C": 5.380548966707303,
        "class_weight": null,
        "l1_ratio": 0.1438202258055865,
        "multi_class": "multinomial",
        "penalty": "elasticnet"
    },
    "score": 0.6787118276684764,
    "tuning_n_trials": 27,
    "val_score": 0.727930550227249,
    "train_time": 1.9499492645263672,
    "evaluation_time": 0.0023818016052246094,
    "metric_used": "f1"
}