{
    "hp": {
        "C": 5.380548966707303,
        "class_weight": null,
        "l1_ratio": 0.1438202258055865,
        "multi_class": "multinomial",
        "penalty": "elasticnet"
    },
    "score": 0.727930550227249,
    "n_trials": 27,
    "tuning_time": 410.84378576278687
}