{
    "hp": {
        "criterion": "friedman_mse",
        "learning_rate": 0.040805416852566015,
        "max_depth": 3,
        "max_features": 0.9503929812772762,
        "min_samples_leaf": 20,
        "n_estimators": 336,
        "subsample": 0.6379366653215608
    },
    "score": 0.6998841251448435,
    "n_trials": 73,
    "tuning_time": 1024.5896475315094
}