{
    "hp": {
        "activation": "logistic",
        "alpha": 0.006711609896128648,
        "batch_size": 128,
        "early_stopping": true,
        "hidden_layer_sizes": [
            65,
            65
        ],
        "learning_rate": "adaptive",
        "learning_rate_init": 0.004950056697358588,
        "momentum": 0.9329452988085424,
        "nesterovs_momentum": false,
        "solver": "adam"
    },
    "score": -22.84419338487227,
    "tuning_n_trials": 228,
    "val_score": 46.64835006463896,
    "train_time": 0.693760871887207,
    "evaluation_time": 0.0009062290191650391,
    "metric_used": "rmse"
}