{
    "hp": {
        "activation": "logistic",
        "alpha": 0.006711609896128648,
        "batch_size": 128,
        "early_stopping": true,
        "hidden_layer_sizes": [
            65,
            65
        ],
        "learning_rate": "adaptive",
        "learning_rate_init": 0.004950056697358588,
        "momentum": 0.9329452988085424,
        "nesterovs_momentum": false,
        "solver": "adam"
    },
    "score": 46.64835006463896,
    "n_trials": 228,
    "tuning_time": 1004.0231235027313
}