{
    "hp": {
        "activation": "relu",
        "alpha": 0.0014709787506223117,
        "batch_size": 128,
        "early_stopping": true,
        "hidden_layer_sizes": [
            70,
            70
        ],
        "learning_rate": "constant",
        "learning_rate_init": 0.005464882655851483,
        "momentum": 0.9034435174028241,
        "nesterovs_momentum": false,
        "solver": "adam"
    },
    "score": 0.9411764705882353,
    "tuning_n_trials": 385,
    "val_score": 0.9651474530831099,
    "train_time": 0.11241698265075684,
    "evaluation_time": 0.005771160125732422,
    "metric_used": "f1"
}