{
    "hp": {
        "activation": "relu",
        "alpha": 7.64936368906473e-05,
        "batch_size": 128,
        "early_stopping": true,
        "hidden_layer_sizes": [
            75,
            75
        ],
        "learning_rate": "invscaling",
        "learning_rate_init": 0.0029969790555159723,
        "momentum": 0.8986790398976183,
        "nesterovs_momentum": false,
        "solver": "adam"
    },
    "score": 0.9653333333333334,
    "n_trials": 541,
    "tuning_time": 814.7834384441376
}