{
    "hp": {
        "criterion": "friedman_mse",
        "learning_rate": 0.027902993788572913,
        "max_depth": 2,
        "max_features": null,
        "min_samples_leaf": 1,
        "n_estimators": 157,
        "subsample": 0.8081788316925259
    },
    "score": 0.5583895233464627,
    "n_trials": 29,
    "tuning_time": 1080.0561504364014
}