{
    "hp": {
        "class_weight": "balanced",
        "max_depth": 4,
        "max_features": 0.9808138812370246,
        "min_samples_leaf": 46,
        "min_samples_split": 4,
        "splitter": "best"
    },
    "score": 0.5212386955330227,
    "tuning_n_trials": 366,
    "val_score": 0.5323781168589505,
    "train_time": 0.11277055740356445,
    "evaluation_time": 0.008450031280517578,
    "metric_used": "f1"
}