{
    "hp": {
        "metric": "manhattan",
        "n_neighbors": 48,
        "p": 1,
        "weights": "uniform"
    },
    "score": -7.9436159727306945,
    "tuning_n_trials": 65,
    "val_score": 23.932706714134376,
    "train_time": 0.017838001251220703,
    "evaluation_time": 0.11222338676452637,
    "metric_used": "rmse"
}