{
    "hp": {
        "C": 0.5098834932008046,
        "epsilon": 16.257700721785717,
        "gamma": "scale",
        "kernel": "rbf"
    },
    "score": -0.004464805961700069,
    "tuning_n_trials": 4,
    "val_score": -0.013100447237519575,
    "train_time": 3.209775447845459,
    "evaluation_time": 0.16545867919921875,
    "metric_used": "r2"
}