{
    "hp": {
        "C": 0.006953386040767054,
        "epsilon": 53.885509726272346,
        "kernel": "linear"
    },
    "score": -0.004464805961700291,
    "tuning_n_trials": 1,
    "val_score": -0.013100447237519732,
    "train_time": 2.507173776626587,
    "evaluation_time": 0.09872722625732422,
    "metric_used": "r2"
}