{
    "hp": {
        "C": 3.873154685191143,
        "epsilon": 0.05774915385650595,
        "gamma": "auto",
        "kernel": "rbf"
    },
    "score": 0.6258741608679633,
    "tuning_n_trials": 29,
    "val_score": 0.6428981025187146,
    "train_time": 386.3011546134949,
    "evaluation_time": 122.6643636226654,
    "metric_used": "r2"
}