{
    "hp": {
        "C": 3.873154685191143,
        "epsilon": 0.05774915385650595,
        "gamma": "auto",
        "kernel": "rbf"
    },
    "score": 0.6428981025187146,
    "n_trials": 29,
    "tuning_time": 3000.0022678375244
}