{
    "hp": {
        "C": 0.5098834932008046,
        "epsilon": 16.257700721785717,
        "gamma": "scale",
        "kernel": "rbf"
    },
    "score": -0.013100447237519575,
    "n_trials": 4,
    "tuning_time": 1080.028548002243
}