{
    "hp": {
        "C": 0.006953386040767054,
        "epsilon": 53.885509726272346,
        "kernel": "linear"
    },
    "score": -0.013100447237519732,
    "n_trials": 1,
    "tuning_time": 1018.8823215961456
}