{
    "hp": {
        "max_depth": null,
        "max_features": null,
        "min_samples_leaf": 9,
        "n_estimators": 26
    },
    "score": -4.0837610770615225,
    "tuning_n_trials": 148,
    "val_score": 3.8636493915966867,
    "train_time": 0.14815878868103027,
    "evaluation_time": 0.11068272590637207,
    "metric_used": "rmse"
}