{
    "hp": {
        "max_depth": null,
        "max_features": 0.7872902303905802,
        "min_samples_leaf": 9,
        "n_estimators": 15
    },
    "score": -4.0281627297797815,
    "tuning_n_trials": 672,
    "val_score": 3.8522619130525246,
    "train_time": 0.13587141036987305,
    "evaluation_time": 0.10450196266174316,
    "metric_used": "rmse"
}