{
    "hp": {
        "max_depth": null,
        "max_features": null,
        "min_samples_leaf": 9,
        "n_estimators": 26
    },
    "score": 3.8636493915966867,
    "n_trials": 148,
    "tuning_time": 1009.4663610458374
}