{
    "hp": {
        "alpha": 0.0010000707776795597,
        "n_restarts_optimizer": 3.0
    },
    "score": -3.2112301802402285,
    "tuning_n_trials": 973,
    "val_score": 3.233634787768195,
    "train_time": 0.04005622863769531,
    "evaluation_time": 0.004836559295654297,
    "metric_used": "rmse"
}