{
    "hp": {
        "alpha": 0.0010000707776795597,
        "n_restarts_optimizer": 3.0
    },
    "score": 3.233634787768195,
    "n_trials": 973,
    "tuning_time": 263.0341558456421
}