{
    "hp": {
        "alpha": 0.0010000707776795597,
        "n_restarts_optimizer": 3.0
    },
    "score": 3.2338940724357617,
    "n_trials": 973,
    "tuning_time": 259.9150643348694
}