{
    "hp": {
        "algorithm": "SAMME.R",
        "learning_rate": 1.2225721466558328,
        "n_estimators": 995
    },
    "score": 0.7116872255906335,
    "n_trials": 186,
    "tuning_time": 3297.812520503998
}