{
    "hp": {
        "alpha": 0.0010002926998581695,
        "n_restarts_optimizer": 2.0
    },
    "score": 0.2366069843242043,
    "n_trials": 565,
    "tuning_time": 1008.649836063385
}