{
    "hp": {
        "alpha": 128.87829124141405
    },
    "score": -21.76933151767618,
    "tuning_n_trials": 168,
    "val_score": 13.324834876409309,
    "train_time": 0.007318019866943359,
    "evaluation_time": 0.00036263465881347656,
    "metric_used": "rmse"
}