{
    "hp": {
        "alpha": 128.01132487969426
    },
    "score": -21.770598589276446,
    "tuning_n_trials": 185,
    "val_score": 13.324834621226714,
    "train_time": 0.011896371841430664,
    "evaluation_time": 0.0003383159637451172,
    "metric_used": "rmse"
}