{
    "hp": {
        "alpha": 128.87829124141405
    },
    "score": 13.324834876409309,
    "n_trials": 168,
    "tuning_time": 9.1647629737854
}