{
    "hp": {
        "alpha": 128.01132487969426
    },
    "score": 13.324834621226714,
    "n_trials": 185,
    "tuning_time": 728.9737048149109
}