{
    "hp": {
        "max_depth": 31,
        "max_features": "sqrt",
        "min_samples_leaf": 28,
        "n_estimators": 23
    },
    "score": -233.7181797787691,
    "tuning_n_trials": 238,
    "val_score": 414.4374250738038,
    "train_time": 0.14255094528198242,
    "evaluation_time": 0.10723161697387695,
    "metric_used": "rmse"
}