{
    "hp": {
        "max_depth": null,
        "max_features": "log2",
        "min_samples_leaf": 28,
        "n_estimators": 22
    },
    "score": 414.3275888273837,
    "n_trials": 257,
    "tuning_time": 1001.491694688797
}