{
    "hp": {
        "criterion": "mse",
        "max_depth": null,
        "max_features": 0.33293414587264647,
        "min_samples_leaf": 43,
        "min_samples_split": 6,
        "splitter": "best"
    },
    "score": -0.14638910458422955,
    "tuning_n_trials": 1048,
    "val_score": 0.15045614029371082,
    "train_time": 21.157606840133667,
    "evaluation_time": 0.0006849765777587891,
    "metric_used": "rmse"
}