{
    "hp": {
        "class_weight": "balanced",
        "max_depth": null,
        "max_features": 0.7779879838740185,
        "min_samples_leaf": 1,
        "min_samples_split": 4,
        "splitter": "best"
    },
    "score": 0.2564102564102564,
    "tuning_n_trials": 99,
    "val_score": 0.3684210526315789,
    "train_time": 0.023385047912597656,
    "evaluation_time": 0.0006186962127685547,
    "metric_used": "f1"
}