{
    "hp": {
        "class_weight": "balanced",
        "max_depth": null,
        "max_features": 0.7779879838740185,
        "min_samples_leaf": 1,
        "min_samples_split": 4,
        "splitter": "best"
    },
    "score": 0.3684210526315789,
    "n_trials": 99,
    "tuning_time": 36.489381551742554
}