{
    "hp": {
        "max_depth": 31,
        "max_features": "log2",
        "min_samples_leaf": 1,
        "n_estimators": 299
    },
    "score": -0.5879048590729978,
    "tuning_n_trials": 280,
    "val_score": 0.6244069168500287,
    "train_time": 0.8293256759643555,
    "evaluation_time": 0.12222170829772949,
    "metric_used": "rmse"
}