{
    "hp": {
        "max_depth": 31,
        "max_features": "log2",
        "min_samples_leaf": 1,
        "n_estimators": 299
    },
    "score": 0.6244069168500287,
    "n_trials": 280,
    "tuning_time": 1029.7944281101227
}