{
    "hp": {
        "criterion": "mse",
        "max_depth": null,
        "max_features": 0.875090675399612,
        "min_samples_leaf": 5,
        "min_samples_split": 5,
        "splitter": "best"
    },
    "score": -51.45359675851245,
    "tuning_n_trials": 192,
    "val_score": 54.54430509857856,
    "train_time": 0.32931947708129883,
    "evaluation_time": 0.0012543201446533203,
    "metric_used": "rmse"
}