{
    "hp": {
        "criterion": "friedman_mse",
        "max_depth": 19,
        "max_features": null,
        "min_samples_leaf": 1,
        "min_samples_split": 9,
        "splitter": "random"
    },
    "score": -55.735614877598756,
    "tuning_n_trials": 213,
    "val_score": 55.29786697408789,
    "train_time": 0.07355141639709473,
    "evaluation_time": 0.0012562274932861328,
    "metric_used": "rmse"
}