{
    "hp": {
        "activation": "tanh",
        "alpha": 0.0009747526448533092,
        "batch_size": 128,
        "early_stopping": true,
        "hidden_layer_sizes": [
            50,
            50,
            50
        ],
        "learning_rate": "adaptive",
        "learning_rate_init": 0.005208512203726594,
        "momentum": 0.9478848127247702,
        "nesterovs_momentum": true,
        "solver": "sgd"
    },
    "score": 0.6466140526904428,
    "n_trials": 155,
    "tuning_time": 1129.419805765152
}