{
    "hp": {
        "learning_rate": 0.04277871616356107,
        "loss": "square",
        "n_estimators": 29
    },
    "score": -2.93380503752683,
    "tuning_n_trials": 373,
    "val_score": 2.738134390981982,
    "train_time": 0.07380485534667969,
    "evaluation_time": 0.0030608177185058594,
    "metric_used": "rmse"
}