{
    "hp": {
        "class_weight": "balanced",
        "max_depth": null,
        "max_features": 0.3666849410795603,
        "min_samples_leaf": 1,
        "min_samples_split": 8,
        "splitter": "random"
    },
    "score": 0.912,
    "tuning_n_trials": 251,
    "val_score": 0.9597855227882037,
    "train_time": 0.016788005828857422,
    "evaluation_time": 0.0009131431579589844,
    "metric_used": "f1"
}