{
    "hp": {
        "alpha": 0.0010000707776795597,
        "n_restarts_optimizer": 3.0
    },
    "score": -4.799588349282159,
    "tuning_n_trials": 973,
    "val_score": 4.505153872108691,
    "train_time": 0.04888749122619629,
    "evaluation_time": 0.0020246505737304688,
    "metric_used": "rmse"
}