{
    "hp": {
        "alpha": 0.0010000707776795597,
        "n_restarts_optimizer": 3.0
    },
    "score": 4.505153872108691,
    "n_trials": 973,
    "tuning_time": 162.72538781166077
}