{
    "hp": {
        "metric": "manhattan",
        "n_neighbors": 44,
        "p": 1,
        "weights": "distance"
    },
    "score": 0.6180875576036866,
    "tuning_n_trials": 120,
    "val_score": 0.6252552996689907,
    "train_time": 2.0180654525756836,
    "evaluation_time": 16.748932361602783,
    "metric_used": "f1"
}