{
    "hp": {
        "max_depth": null,
        "max_features": "sqrt",
        "min_samples_leaf": 2,
        "n_estimators": 260
    },
    "score": -0.1295219253024464,
    "tuning_n_trials": 274,
    "val_score": 0.13795958199757705,
    "train_time": 25.416760683059692,
    "evaluation_time": 0.22301602363586426,
    "metric_used": "rmse"
}