{
    "hp": {
        "max_depth": null,
        "max_features": 0.12874840393786227,
        "min_samples_leaf": 2,
        "n_estimators": 98
    },
    "score": -0.13013229254078237,
    "tuning_n_trials": 565,
    "val_score": 0.13760141331438075,
    "train_time": 25.518003225326538,
    "evaluation_time": 0.1337881088256836,
    "metric_used": "rmse"
}