{
    "hp": {
        "max_depth": null,
        "max_features": 0.12874840393786227,
        "min_samples_leaf": 2,
        "n_estimators": 98
    },
    "score": 0.13760141331438075,
    "n_trials": 565,
    "tuning_time": 1012.6397466659546
}