{
    "hp": {
        "activation": "selu",
        "batch_size": 128,
        "lr": 0.0029267219194389423,
        "momentum": 0.8738485251915724,
        "n_layers": 2,
        "n_neuron_per_layer": 54,
        "p_dropout": 0.44656333225465245,
        "weight_decay": 1.1507373430847242e-07
    },
    "score": 2.0975660511219263,
    "n_trials": 29,
    "tuning_time": 1080.0043303966522
}