{
    "hp": {
        "alpha": 175.20030433521387
    },
    "score": -2.8018680282559028,
    "tuning_n_trials": 587,
    "val_score": 2.7300560323853165,
    "train_time": 0.01681375503540039,
    "evaluation_time": 0.000263214111328125,
    "metric_used": "rmse"
}