{
    "hp": {
        "alpha": 175.20030433521387
    },
    "score": 2.7300560323853165,
    "n_trials": 587,
    "tuning_time": 16.601452589035034
}