{
    "hp": {
        "alpha": 0.9,
        "criterion": "mse",
        "learning_rate": 0.09319808162522637,
        "loss": "ls",
        "max_depth": 2,
        "max_features": null,
        "min_samples_leaf": 10,
        "n_estimators": 42,
        "subsample": 0.8009169265834737
    },
    "score": -4.112007129838056,
    "tuning_n_trials": 639,
    "val_score": 3.8912692881305073,
    "train_time": 0.04048275947570801,
    "evaluation_time": 0.0004558563232421875,
    "metric_used": "rmse"
}