{
    "hp": {
        "alpha": 0.9,
        "criterion": "mse",
        "learning_rate": 0.05601901540797333,
        "loss": "ls",
        "max_depth": 3,
        "max_features": null,
        "min_samples_leaf": 4,
        "n_estimators": 43,
        "subsample": 0.5436719076780875
    },
    "score": -4.021970625720353,
    "tuning_n_trials": 605,
    "val_score": 3.8742105408159553,
    "train_time": 0.04720950126647949,
    "evaluation_time": 0.0005350112915039062,
    "metric_used": "rmse"
}