{
    "hp": {
        "alpha": 0.9,
        "criterion": "mse",
        "learning_rate": 0.05601901540797333,
        "loss": "ls",
        "max_depth": 3,
        "max_features": null,
        "min_samples_leaf": 4,
        "n_estimators": 43,
        "subsample": 0.5436719076780875
    },
    "score": 3.8742105408159553,
    "n_trials": 605,
    "tuning_time": 1014.9432420730591
}