{
    "hp": {
        "alpha": 0.9265986202803143,
        "criterion": "mse",
        "learning_rate": 0.14024980223177025,
        "loss": "huber",
        "max_depth": 4,
        "max_features": 0.8986991524238935,
        "min_samples_leaf": 3,
        "n_estimators": 795,
        "subsample": 0.8081207687875906
    },
    "score": -1.8747447931280221,
    "tuning_n_trials": 273,
    "val_score": 1.5673477626847403,
    "train_time": 2.7123539447784424,
    "evaluation_time": 0.006122112274169922,
    "metric_used": "rmse"
}