{
    "hp": {
        "alpha": 0.9265986202803143,
        "criterion": "mse",
        "learning_rate": 0.14024980223177025,
        "loss": "huber",
        "max_depth": 4,
        "max_features": 0.8986991524238935,
        "min_samples_leaf": 3,
        "n_estimators": 795,
        "subsample": 0.8081207687875906
    },
    "score": 1.5673477626847403,
    "n_trials": 273,
    "tuning_time": 1036.8353748321533
}