{
    "hp": {
        "alpha": 997.0019282638776
    },
    "score": 0.5966335964507175,
    "tuning_n_trials": 26,
    "val_score": 0.605557036401942,
    "train_time": 4.315659523010254,
    "evaluation_time": 0.021059751510620117,
    "metric_used": "r2"
}