{
    "hp": {
        "alpha": 997.0019282638776
    },
    "score": 0.605557036401942,
    "n_trials": 26,
    "tuning_time": 1081.3419706821442
}