{
    "hp": {
        "alpha": 220.28540946485737
    },
    "score": -4.304375372070979,
    "tuning_n_trials": 259,
    "val_score": 4.255884960896756,
    "train_time": 0.020381450653076172,
    "evaluation_time": 0.0002732276916503906,
    "metric_used": "rmse"
}