{
    "hp": {
        "alpha": 220.28540946485737
    },
    "score": 4.255884960896756,
    "n_trials": 259,
    "tuning_time": 10.2956702709198
}