{
    "hp": {
        "alpha": 34.99050622003303
    },
    "score": 0.7544019288450082,
    "n_trials": 442,
    "tuning_time": 28.429319620132446
}