{
    "hp": {
        "activation": "tanh",
        "alpha": 5.86053127800344e-06,
        "batch_size": 128,
        "early_stopping": true,
        "hidden_layer_sizes": [
            20,
            20
        ],
        "learning_rate": "constant",
        "learning_rate_init": 0.00015379379813713692,
        "momentum": 0.9841468687911995,
        "nesterovs_momentum": true,
        "solver": "sgd"
    },
    "score": -277.30436356678575,
    "tuning_n_trials": 2,
    "val_score": 267.82628621086224,
    "train_time": 10.437668323516846,
    "evaluation_time": 0.0377199649810791,
    "metric_used": "rmse"
}