{
    "hp": {
        "activation": "tanh",
        "alpha": 5.86053127800344e-06,
        "batch_size": 128,
        "early_stopping": true,
        "hidden_layer_sizes": [
            20,
            20
        ],
        "learning_rate": "constant",
        "learning_rate_init": 0.00015379379813713692,
        "momentum": 0.9841468687911995,
        "nesterovs_momentum": true,
        "solver": "sgd"
    },
    "score": 267.82628621086224,
    "n_trials": 2,
    "tuning_time": 1080.0114455223083
}